"","def_zip","n","zip_char"
"1","00718",1,"""00718"""
"2","00959",1,"""00959"""
"3","01040",1,"""01040"""
"4","01077",1,"""01077"""
"5","01201",1,"""01201"""
"6","01606",1,"""01606"""
"7","01810",1,"""01810"""
"8","01813",1,"""01813"""
"9","02121",1,"""02121"""
"10","02125",1,"""02125"""
"11","02126",1,"""02126"""
"12","02145",1,"""02145"""
"13","02149",1,"""02149"""
"14","02151",1,"""02151"""
"15","02190",2,"""02190"""
"16","02351",1,"""02351"""
"17","02809",1,"""02809"""
"18","02904",1,"""02904"""
"19","03102",1,"""03102"""
"20","06053",1,"""06053"""
"21","06067",1,"""06067"""
"22","06117",1,"""06117"""
"23","06890",1,"""06890"""
"24","07103",1,"""07103"""
"25","07106",1,"""07106"""
"26","07111",1,"""07111"""
"27","07112",1,"""07112"""
"28","07501",1,"""07501"""
"29","07601",1,"""07601"""
"30","07627",1,"""07627"""
"31","07628",1,"""07628"""
"32","07726",3,"""07726"""
"33","07940",1,"""07940"""
"34","08053",1,"""08053"""
"35","08077",1,"""08077"""
"36","08081",1,"""08081"""
"37","08088",1,"""08088"""
"38","08330",1,"""08330"""
"39","08332",1,"""08332"""
"40","08722",2,"""08722"""
"41","08861",2,"""08861"""
"42","08901",2,"""08901"""
"43","10002",1,"""10002"""
"44","10029",1,"""10029"""
"45","10030",2,"""10030"""
"46","10031",1,"""10031"""
"47","10032",2,"""10032"""
"48","10033",1,"""10033"""
"49","10040",1,"""10040"""
"50","10044",1,"""10044"""
"51","10451",1,"""10451"""
"52","10452",1,"""10452"""
"53","10456",3,"""10456"""
"54","10458",1,"""10458"""
"55","10465",1,"""10465"""
"56","10470",1,"""10470"""
"57","10472",1,"""10472"""
"58","10473",1,"""10473"""
"59","10474",1,"""10474"""
"60","10510",1,"""10510"""
"61","10550",1,"""10550"""
"62","10583",1,"""10583"""
"63","10601",1,"""10601"""
"64","10801",1,"""10801"""
"65","10980",1,"""10980"""
"66","11015",1,"""11015"""
"67","11026",1,"""11026"""
"68","11053",1,"""11053"""
"69","11103",1,"""11103"""
"70","11111",6,"""11111"""
"71","11204",1,"""11204"""
"72","11206",2,"""11206"""
"73","11210",1,"""11210"""
"74","11212",2,"""11212"""
"75","11213",1,"""11213"""
"76","11216",1,"""11216"""
"77","11226",1,"""11226"""
"78","11232",3,"""11232"""
"79","11354",2,"""11354"""
"80","11355",10,"""11355"""
"81","11357",3,"""11357"""
"82","11358",1,"""11358"""
"83","11365",1,"""11365"""
"84","11373",1,"""11373"""
"85","11375",1,"""11375"""
"86","11385",2,"""11385"""
"87","11388",1,"""11388"""
"88","11416",2,"""11416"""
"89","11419",1,"""11419"""
"90","11420",1,"""11420"""
"91","11436",1,"""11436"""
"92","11697",1,"""11697"""
"93","11711",1,"""11711"""
"94","11717",1,"""11717"""
"95","11735",1,"""11735"""
"96","11763",1,"""11763"""
"97","11766",1,"""11766"""
"98","12345",4,"""12345"""
"99","12550",2,"""12550"""
"100","14043",1,"""14043"""
"101","14072",1,"""14072"""
"102","14075",1,"""14075"""
"103","14201",2,"""14201"""
"104","14212",1,"""14212"""
"105","14213",2,"""14213"""
"106","14615",1,"""14615"""
"107","14867",1,"""14867"""
"108","15003",1,"""15003"""
"109","15044",1,"""15044"""
"110","15065",1,"""15065"""
"111","15090",1,"""15090"""
"112","15108",1,"""15108"""
"113","15207",1,"""15207"""
"114","15208",1,"""15208"""
"115","15212",1,"""15212"""
"116","15222",1,"""15222"""
"117","15227",1,"""15227"""
"118","15401",1,"""15401"""
"119","15423",2,"""15423"""
"120","16341",1,"""16341"""
"121","16933",1,"""16933"""
"122","17014",1,"""17014"""
"123","17036",1,"""17036"""
"124","17509",1,"""17509"""
"125","17602",1,"""17602"""
"126","17963",1,"""17963"""
"127","18062",1,"""18062"""
"128","18071",1,"""18071"""
"129","18102",1,"""18102"""
"130","18503",1,"""18503"""
"131","18902",1,"""18902"""
"132","18980",1,"""18980"""
"133","19103",1,"""19103"""
"134","19115",1,"""19115"""
"135","19118",1,"""19118"""
"136","19120",3,"""19120"""
"137","19129",2,"""19129"""
"138","19131",2,"""19131"""
"139","19136",1,"""19136"""
"140","19140",2,"""19140"""
"141","19145",1,"""19145"""
"142","19352",1,"""19352"""
"143","19403",1,"""19403"""
"144","19454",1,"""19454"""
"145","19702",1,"""19702"""
"146","19805",1,"""19805"""
"147","19933",1,"""19933"""
"148","19952",1,"""19952"""
"149","20002",1,"""20002"""
"150","20011",2,"""20011"""
"151","20012",1,"""20012"""
"152","20018",1,"""20018"""
"153","20020",1,"""20020"""
"154","20024",1,"""20024"""
"155","20032",1,"""20032"""
"156","20111",1,"""20111"""
"157","20165",1,"""20165"""
"158","20190",1,"""20190"""
"159","20601",1,"""20601"""
"160","20678",1,"""20678"""
"161","20706",1,"""20706"""
"162","20724",2,"""20724"""
"163","20735",1,"""20735"""
"164","20737",1,"""20737"""
"165","20744",3,"""20744"""
"166","20745",1,"""20745"""
"167","20748",1,"""20748"""
"168","20774",1,"""20774"""
"169","20781",4,"""20781"""
"170","20782",1,"""20782"""
"171","20785",1,"""20785"""
"172","20850",1,"""20850"""
"173","20866",1,"""20866"""
"174","20871",1,"""20871"""
"175","20874",2,"""20874"""
"176","20878",3,"""20878"""
"177","20879",2,"""20879"""
"178","20886",1,"""20886"""
"179","20904",1,"""20904"""
"180","21040",1,"""21040"""
"181","21060",3,"""21060"""
"182","21061",1,"""21061"""
"183","21133",3,"""21133"""
"184","21152",1,"""21152"""
"185","21215",1,"""21215"""
"186","21216",1,"""21216"""
"187","21221",1,"""21221"""
"188","21223",1,"""21223"""
"189","21224",2,"""21224"""
"190","21230",3,"""21230"""
"191","21234",6,"""21234"""
"192","21740",2,"""21740"""
"193","21742",1,"""21742"""
"194","21860",1,"""21860"""
"195","22025",1,"""22025"""
"196","22079",1,"""22079"""
"197","22101",2,"""22101"""
"198","22191",2,"""22191"""
"199","22207",1,"""22207"""
"200","22309",2,"""22309"""
"201","22314",7,"""22314"""
"202","22482",1,"""22482"""
"203","22544",3,"""22544"""
"204","22554",1,"""22554"""
"205","23237",1,"""23237"""
"206","23305",1,"""23305"""
"207","23321",1,"""23321"""
"208","23462",1,"""23462"""
"209","23503",1,"""23503"""
"210","23504",1,"""23504"""
"211","23513",1,"""23513"""
"212","23518",1,"""23518"""
"213","23523",1,"""23523"""
"214","23666",1,"""23666"""
"215","23704",1,"""23704"""
"216","24017",1,"""24017"""
"217","24502",1,"""24502"""
"218","25015",1,"""25015"""
"219","25177",1,"""25177"""
"220","25625",2,"""25625"""
"221","25813",1,"""25813"""
"222","26159",1,"""26159"""
"223","26601",7,"""26601"""
"224","27260",1,"""27260"""
"225","27264",1,"""27264"""
"226","27302",1,"""27302"""
"227","27344",2,"""27344"""
"228","27360",1,"""27360"""
"229","27401",2,"""27401"""
"230","27405",1,"""27405"""
"231","27406",1,"""27406"""
"232","27410",1,"""27410"""
"233","27510",1,"""27510"""
"234","27520",2,"""27520"""
"235","27523",1,"""27523"""
"236","27527",1,"""27527"""
"237","27534",1,"""27534"""
"238","27536",1,"""27536"""
"239","27610",3,"""27610"""
"240","27614",1,"""27614"""
"241","27615",2,"""27615"""
"242","27704",1,"""27704"""
"243","27713",1,"""27713"""
"244","27822",1,"""27822"""
"245","27851",2,"""27851"""
"246","27893",2,"""27893"""
"247","27924",1,"""27924"""
"248","28012",2,"""28012"""
"249","28025",1,"""28025"""
"250","28081",1,"""28081"""
"251","28135",1,"""28135"""
"252","28166",1,"""28166"""
"253","28205",1,"""28205"""
"254","28215",1,"""28215"""
"255","28216",1,"""28216"""
"256","28269",1,"""28269"""
"257","28273",3,"""28273"""
"258","28349",1,"""28349"""
"259","28390",2,"""28390"""
"260","28411",1,"""28411"""
"261","28433",1,"""28433"""
"262","28445",1,"""28445"""
"263","28453",1,"""28453"""
"264","28546",2,"""28546"""
"265","28596",1,"""28596"""
"266","28616",1,"""28616"""
"267","28806",1,"""28806"""
"268","29073",3,"""29073"""
"269","29102",1,"""29102"""
"270","29111",1,"""29111"""
"271","29114",1,"""29114"""
"272","29115",1,"""29115"""
"273","29135",2,"""29135"""
"274","29201",1,"""29201"""
"275","29204",1,"""29204"""
"276","29301",1,"""29301"""
"277","29302",1,"""29302"""
"278","29303",1,"""29303"""
"279","29306",1,"""29306"""
"280","29353",1,"""29353"""
"281","29456",1,"""29456"""
"282","29526",1,"""29526"""
"283","29532",1,"""29532"""
"284","29536",1,"""29536"""
"285","29588",1,"""29588"""
"286","29601",1,"""29601"""
"287","29615",4,"""29615"""
"288","29902",1,"""29902"""
"289","29920",2,"""29920"""
"290","29929",1,"""29929"""
"291","30004",1,"""30004"""
"292","30009",1,"""30009"""
"293","30013",1,"""30013"""
"294","30014",1,"""30014"""
"295","30021",1,"""30021"""
"296","30022",1,"""30022"""
"297","30032",1,"""30032"""
"298","30034",4,"""30034"""
"299","30038",5,"""30038"""
"300","30039",1,"""30039"""
"301","30040",1,"""30040"""
"302","30043",3,"""30043"""
"303","30044",2,"""30044"""
"304","30045",1,"""30045"""
"305","30052",4,"""30052"""
"306","30058",2,"""30058"""
"307","30062",1,"""30062"""
"308","30064",1,"""30064"""
"309","30067",1,"""30067"""
"310","30076",2,"""30076"""
"311","30080",2,"""30080"""
"312","30083",1,"""30083"""
"313","30087",1,"""30087"""
"314","30088",1,"""30088"""
"315","30092",1,"""30092"""
"316","30093",2,"""30093"""
"317","30094",1,"""30094"""
"318","30096",1,"""30096"""
"319","30122",1,"""30122"""
"320","30127",2,"""30127"""
"321","30134",4,"""30134"""
"322","30135",5,"""30135"""
"323","30143",2,"""30143"""
"324","30145",1,"""30145"""
"325","30152",2,"""30152"""
"326","30153",1,"""30153"""
"327","30188",1,"""30188"""
"328","30214",1,"""30214"""
"329","30228",2,"""30228"""
"330","30233",1,"""30233"""
"331","30236",1,"""30236"""
"332","30238",3,"""30238"""
"333","30241",1,"""30241"""
"334","30253",2,"""30253"""
"335","30274",1,"""30274"""
"336","30291",2,"""30291"""
"337","30308",1,"""30308"""
"338","30311",2,"""30311"""
"339","30312",5,"""30312"""
"340","30314",1,"""30314"""
"341","30315",4,"""30315"""
"342","30316",2,"""30316"""
"343","30317",1,"""30317"""
"344","30318",2,"""30318"""
"345","30319",1,"""30319"""
"346","30324",2,"""30324"""
"347","30326",1,"""30326"""
"348","30328",2,"""30328"""
"349","30329",1,"""30329"""
"350","30331",2,"""30331"""
"351","30337",1,"""30337"""
"352","30338",1,"""30338"""
"353","30339",1,"""30339"""
"354","30340",1,"""30340"""
"355","30349",1,"""30349"""
"356","30360",1,"""30360"""
"357","30518",1,"""30518"""
"358","30519",2,"""30519"""
"359","30622",1,"""30622"""
"360","30629",1,"""30629"""
"361","30701",2,"""30701"""
"362","30707",1,"""30707"""
"363","30788",1,"""30788"""
"364","30813",1,"""30813"""
"365","30824",3,"""30824"""
"366","31204",1,"""31204"""
"367","31208",1,"""31208"""
"368","31211",1,"""31211"""
"369","31313",1,"""31313"""
"370","31601",2,"""31601"""
"371","31602",2,"""31602"""
"372","31903",1,"""31903"""
"373","31905",1,"""31905"""
"374","31907",1,"""31907"""
"375","31968",1,"""31968"""
"376","32063",2,"""32063"""
"377","32065",1,"""32065"""
"378","32080",1,"""32080"""
"379","32086",1,"""32086"""
"380","32159",1,"""32159"""
"381","32164",1,"""32164"""
"382","32168",1,"""32168"""
"383","32204",2,"""32204"""
"384","32205",1,"""32205"""
"385","32206",1,"""32206"""
"386","32208",1,"""32208"""
"387","32209",1,"""32209"""
"388","32210",1,"""32210"""
"389","32218",1,"""32218"""
"390","32225",1,"""32225"""
"391","32233",2,"""32233"""
"392","32250",1,"""32250"""
"393","32257",1,"""32257"""
"394","32259",2,"""32259"""
"395","32277",3,"""32277"""
"396","32304",1,"""32304"""
"397","32404",2,"""32404"""
"398","32405",1,"""32405"""
"399","32408",2,"""32408"""
"400","32428",1,"""32428"""
"401","32433",1,"""32433"""
"402","32501",1,"""32501"""
"403","32514",2,"""32514"""
"404","32534",1,"""32534"""
"405","32536",4,"""32536"""
"406","32541",1,"""32541"""
"407","32566",2,"""32566"""
"408","32578",1,"""32578"""
"409","32621",1,"""32621"""
"410","32653",2,"""32653"""
"411","32703",2,"""32703"""
"412","32708",1,"""32708"""
"413","32724",1,"""32724"""
"414","32746",1,"""32746"""
"415","32792",3,"""32792"""
"416","32804",2,"""32804"""
"417","32808",1,"""32808"""
"418","32809",1,"""32809"""
"419","32810",2,"""32810"""
"420","32817",4,"""32817"""
"421","32818",1,"""32818"""
"422","32819",1,"""32819"""
"423","32821",1,"""32821"""
"424","32822",2,"""32822"""
"425","32824",1,"""32824"""
"426","32825",1,"""32825"""
"427","32839",1,"""32839"""
"428","32926",1,"""32926"""
"429","32935",2,"""32935"""
"430","32953",2,"""32953"""
"431","32958",1,"""32958"""
"432","32963",2,"""32963"""
"433","33010",5,"""33010"""
"434","33012",1,"""33012"""
"435","33014",2,"""33014"""
"436","33020",2,"""33020"""
"437","33021",3,"""33021"""
"438","33023",4,"""33023"""
"439","33024",1,"""33024"""
"440","33025",1,"""33025"""
"441","33027",1,"""33027"""
"442","33032",2,"""33032"""
"443","33034",1,"""33034"""
"444","33063",2,"""33063"""
"445","33065",2,"""33065"""
"446","33076",1,"""33076"""
"447","33098",5,"""33098"""
"448","33125",2,"""33125"""
"449","33126",3,"""33126"""
"450","33127",1,"""33127"""
"451","33128",2,"""33128"""
"452","33131",2,"""33131"""
"453","33132",1,"""33132"""
"454","33133",2,"""33133"""
"455","33135",1,"""33135"""
"456","33141",1,"""33141"""
"457","33142",1,"""33142"""
"458","33144",1,"""33144"""
"459","33147",1,"""33147"""
"460","33150",1,"""33150"""
"461","33162",3,"""33162"""
"462","33165",2,"""33165"""
"463","33167",3,"""33167"""
"464","33168",2,"""33168"""
"465","33169",1,"""33169"""
"466","33172",2,"""33172"""
"467","33173",1,"""33173"""
"468","33177",1,"""33177"""
"469","33181",2,"""33181"""
"470","33186",3,"""33186"""
"471","33187",1,"""33187"""
"472","33189",1,"""33189"""
"473","33196",2,"""33196"""
"474","33216",1,"""33216"""
"475","33225",1,"""33225"""
"476","33304",2,"""33304"""
"477","33309",1,"""33309"""
"478","33312",1,"""33312"""
"479","33313",2,"""33313"""
"480","33317",1,"""33317"""
"481","33322",1,"""33322"""
"482","33324",4,"""33324"""
"483","33333",1,"""33333"""
"484","33343",1,"""33343"""
"485","33351",2,"""33351"""
"486","33410",1,"""33410"""
"487","33411",1,"""33411"""
"488","33417",1,"""33417"""
"489","33444",1,"""33444"""
"490","33461",1,"""33461"""
"491","33462",1,"""33462"""
"492","33463",1,"""33463"""
"493","33511",1,"""33511"""
"494","33563",1,"""33563"""
"495","33565",1,"""33565"""
"496","33570",2,"""33570"""
"497","33584",1,"""33584"""
"498","33596",1,"""33596"""
"499","33604",1,"""33604"""
"500","33610",1,"""33610"""
"501","33613",1,"""33613"""
"502","33614",5,"""33614"""
"503","33615",1,"""33615"""
"504","33616",1,"""33616"""
"505","33619",1,"""33619"""
"506","33635",1,"""33635"""
"507","33759",1,"""33759"""
"508","33772",1,"""33772"""
"509","33782",1,"""33782"""
"510","33786",1,"""33786"""
"511","33801",1,"""33801"""
"512","33810",2,"""33810"""
"513","33811",1,"""33811"""
"514","33852",1,"""33852"""
"515","33881",1,"""33881"""
"516","33914",1,"""33914"""
"517","33935",3,"""33935"""
"518","34105",1,"""34105"""
"519","34117",2,"""34117"""
"520","34210",1,"""34210"""
"521","34221",1,"""34221"""
"522","34234",1,"""34234"""
"523","34256",1,"""34256"""
"524","34291",1,"""34291"""
"525","34409",1,"""34409"""
"526","34442",2,"""34442"""
"527","34602",1,"""34602"""
"528","34607",1,"""34607"""
"529","34638",1,"""34638"""
"530","34652",2,"""34652"""
"531","34689",1,"""34689"""
"532","34698",1,"""34698"""
"533","34743",1,"""34743"""
"534","34746",1,"""34746"""
"535","34759",1,"""34759"""
"536","34947",1,"""34947"""
"537","34972",3,"""34972"""
"538","34984",7,"""34984"""
"539","35045",1,"""35045"""
"540","35054",1,"""35054"""
"541","35080",1,"""35080"""
"542","35120",1,"""35120"""
"543","35208",1,"""35208"""
"544","35211",1,"""35211"""
"545","35215",3,"""35215"""
"546","35404",6,"""35404"""
"547","35405",1,"""35405"""
"548","35441",1,"""35441"""
"549","35443",1,"""35443"""
"550","35453",1,"""35453"""
"551","35470",2,"""35470"""
"552","35501",1,"""35501"""
"553","35640",1,"""35640"""
"554","35674",2,"""35674"""
"555","35748",2,"""35748"""
"556","35768",1,"""35768"""
"557","35775",1,"""35775"""
"558","35803",2,"""35803"""
"559","35805",1,"""35805"""
"560","35806",1,"""35806"""
"561","35824",1,"""35824"""
"562","35903",1,"""35903"""
"563","35980",1,"""35980"""
"564","36037",1,"""36037"""
"565","36066",1,"""36066"""
"566","36079",2,"""36079"""
"567","36089",2,"""36089"""
"568","36106",1,"""36106"""
"569","36117",2,"""36117"""
"570","36203",1,"""36203"""
"571","36250",1,"""36250"""
"572","36459",2,"""36459"""
"573","36518",1,"""36518"""
"574","36526",1,"""36526"""
"575","36532",2,"""36532"""
"576","36556",1,"""36556"""
"577","36575",1,"""36575"""
"578","36582",2,"""36582"""
"579","36603",1,"""36603"""
"580","36604",1,"""36604"""
"581","36605",3,"""36605"""
"582","36607",1,"""36607"""
"583","36608",3,"""36608"""
"584","36610",5,"""36610"""
"585","36617",2,"""36617"""
"586","36695",4,"""36695"""
"587","36701",1,"""36701"""
"588","36703",1,"""36703"""
"589","36721",1,"""36721"""
"590","36749",2,"""36749"""
"591","36750",2,"""36750"""
"592","36768",1,"""36768"""
"593","36784",2,"""36784"""
"594","36854",1,"""36854"""
"595","36863",1,"""36863"""
"596","37040",1,"""37040"""
"597","37042",2,"""37042"""
"598","37066",4,"""37066"""
"599","37075",1,"""37075"""
"600","37076",2,"""37076"""
"601","37142",1,"""37142"""
"602","37167",3,"""37167"""
"603","37206",3,"""37206"""
"604","37207",1,"""37207"""
"605","37209",2,"""37209"""
"606","37211",1,"""37211"""
"607","37214",1,"""37214"""
"608","37217",2,"""37217"""
"609","37312",1,"""37312"""
"610","37330",1,"""37330"""
"611","37343",1,"""37343"""
"612","37347",1,"""37347"""
"613","37370",1,"""37370"""
"614","37405",2,"""37405"""
"615","37601",3,"""37601"""
"616","37604",1,"""37604"""
"617","37688",1,"""37688"""
"618","37801",1,"""37801"""
"619","37803",1,"""37803"""
"620","37849",2,"""37849"""
"621","37874",1,"""37874"""
"622","37917",1,"""37917"""
"623","37932",1,"""37932"""
"624","37981",1,"""37981"""
"625","38016",2,"""38016"""
"626","38018",3,"""38018"""
"627","38079",2,"""38079"""
"628","38080",1,"""38080"""
"629","38104",1,"""38104"""
"630","38107",1,"""38107"""
"631","38109",2,"""38109"""
"632","38112",2,"""38112"""
"633","38114",2,"""38114"""
"634","38115",7,"""38115"""
"635","38116",3,"""38116"""
"636","38118",1,"""38118"""
"637","38119",2,"""38119"""
"638","38125",2,"""38125"""
"639","38127",1,"""38127"""
"640","38128",1,"""38128"""
"641","38134",2,"""38134"""
"642","38141",3,"""38141"""
"643","38237",1,"""38237"""
"644","38252",1,"""38252"""
"645","38374",1,"""38374"""
"646","38501",1,"""38501"""
"647","38558",1,"""38558"""
"648","38572",6,"""38572"""
"649","38577",1,"""38577"""
"650","38606",1,"""38606"""
"651","38620",1,"""38620"""
"652","38632",1,"""38632"""
"653","38635",1,"""38635"""
"654","38654",4,"""38654"""
"655","38671",2,"""38671"""
"656","38751",1,"""38751"""
"657","38762",1,"""38762"""
"658","38771",1,"""38771"""
"659","38781",1,"""38781"""
"660","38948",7,"""38948"""
"661","39042",3,"""39042"""
"662","39046",2,"""39046"""
"663","39047",1,"""39047"""
"664","39056",2,"""39056"""
"665","39069",1,"""39069"""
"666","39071",1,"""39071"""
"667","39117",1,"""39117"""
"668","39120",3,"""39120"""
"669","39157",1,"""39157"""
"670","39176",1,"""39176"""
"671","39180",3,"""39180"""
"672","39190",1,"""39190"""
"673","39191",1,"""39191"""
"674","39201",1,"""39201"""
"675","39202",1,"""39202"""
"676","39206",6,"""39206"""
"677","39208",1,"""39208"""
"678","39209",1,"""39209"""
"679","39211",2,"""39211"""
"680","39212",1,"""39212"""
"681","39213",4,"""39213"""
"682","39272",2,"""39272"""
"683","39307",2,"""39307"""
"684","39327",1,"""39327"""
"685","39345",1,"""39345"""
"686","39350",4,"""39350"""
"687","39365",1,"""39365"""
"688","39367",1,"""39367"""
"689","39402",2,"""39402"""
"690","39426",1,"""39426"""
"691","39428",1,"""39428"""
"692","39429",2,"""39429"""
"693","39437",1,"""39437"""
"694","39443",1,"""39443"""
"695","39451",1,"""39451"""
"696","39452",7,"""39452"""
"697","39465",3,"""39465"""
"698","39466",2,"""39466"""
"699","39476",1,"""39476"""
"700","39501",3,"""39501"""
"701","39503",5,"""39503"""
"702","39507",2,"""39507"""
"703","39520",2,"""39520"""
"704","39543",2,"""39543"""
"705","39553",1,"""39553"""
"706","39562",2,"""39562"""
"707","39563",2,"""39563"""
"708","39565",1,"""39565"""
"709","39571",1,"""39571"""
"710","39573",3,"""39573"""
"711","39576",1,"""39576"""
"712","39581",1,"""39581"""
"713","39601",3,"""39601"""
"714","39631",3,"""39631"""
"715","39648",4,"""39648"""
"716","39652",2,"""39652"""
"717","39666",1,"""39666"""
"718","39667",1,"""39667"""
"719","39698",1,"""39698"""
"720","39702",1,"""39702"""
"721","39744",1,"""39744"""
"722","39759",1,"""39759"""
"723","40014",1,"""40014"""
"724","40065",1,"""40065"""
"725","40202",1,"""40202"""
"726","40214",1,"""40214"""
"727","40215",1,"""40215"""
"728","40229",1,"""40229"""
"729","40272",1,"""40272"""
"730","40324",2,"""40324"""
"731","40330",1,"""40330"""
"732","40511",1,"""40511"""
"733","40741",1,"""40741"""
"734","40769",1,"""40769"""
"735","41101",4,"""41101"""
"736","43026",1,"""43026"""
"737","43081",1,"""43081"""
"738","43110",1,"""43110"""
"739","43147",1,"""43147"""
"740","43211",1,"""43211"""
"741","43227",1,"""43227"""
"742","43229",1,"""43229"""
"743","43232",1,"""43232"""
"744","43240",1,"""43240"""
"745","43326",1,"""43326"""
"746","43460",1,"""43460"""
"747","43604",1,"""43604"""
"748","43609",1,"""43609"""
"749","44024",1,"""44024"""
"750","44047",1,"""44047"""
"751","44089",1,"""44089"""
"752","44103",5,"""44103"""
"753","44108",1,"""44108"""
"754","44111",1,"""44111"""
"755","44118",1,"""44118"""
"756","44132",1,"""44132"""
"757","44144",1,"""44144"""
"758","44310",2,"""44310"""
"759","44354",1,"""44354"""
"760","44504",1,"""44504"""
"761","44532",1,"""44532"""
"762","44545",1,"""44545"""
"763","44646",1,"""44646"""
"764","44830",2,"""44830"""
"765","44833",1,"""44833"""
"766","45211",1,"""45211"""
"767","45239",1,"""45239"""
"768","45240",1,"""45240"""
"769","45334",2,"""45334"""
"770","45417",2,"""45417"""
"771","45424",1,"""45424"""
"772","45459",1,"""45459"""
"773","45601",1,"""45601"""
"774","45680",1,"""45680"""
"775","45867",1,"""45867"""
"776","46012",1,"""46012"""
"777","46032",1,"""46032"""
"778","46059",1,"""46059"""
"779","46074",1,"""46074"""
"780","46105",2,"""46105"""
"781","46122",1,"""46122"""
"782","46123",1,"""46123"""
"783","46143",1,"""46143"""
"784","46214",1,"""46214"""
"785","46218",1,"""46218"""
"786","46224",1,"""46224"""
"787","46225",1,"""46225"""
"788","46254",4,"""46254"""
"789","46256",1,"""46256"""
"790","46342",1,"""46342"""
"791","46360",1,"""46360"""
"792","46368",1,"""46368"""
"793","46407",2,"""46407"""
"794","46514",1,"""46514"""
"795","46806",1,"""46806"""
"796","46953",1,"""46953"""
"797","46982",1,"""46982"""
"798","47129",1,"""47129"""
"799","47303",1,"""47303"""
"800","47546",1,"""47546"""
"801","47630",1,"""47630"""
"802","47804",1,"""47804"""
"803","47905",1,"""47905"""
"804","47909",1,"""47909"""
"805","48004",1,"""48004"""
"806","48034",1,"""48034"""
"807","48043",1,"""48043"""
"808","48060",1,"""48060"""
"809","48085",1,"""48085"""
"810","48144",1,"""48144"""
"811","48146",1,"""48146"""
"812","48166",2,"""48166"""
"813","48204",2,"""48204"""
"814","48205",2,"""48205"""
"815","48215",1,"""48215"""
"816","48219",1,"""48219"""
"817","48221",1,"""48221"""
"818","48227",3,"""48227"""
"819","48235",1,"""48235"""
"820","48237",1,"""48237"""
"821","48302",2,"""48302"""
"822","48306",1,"""48306"""
"823","48335",1,"""48335"""
"824","48506",1,"""48506"""
"825","48601",1,"""48601"""
"826","48602",1,"""48602"""
"827","48867",1,"""48867"""
"828","48906",3,"""48906"""
"829","49009",2,"""49009"""
"830","49022",1,"""49022"""
"831","49348",1,"""49348"""
"832","49423",1,"""49423"""
"833","50003",1,"""50003"""
"834","50023",1,"""50023"""
"835","50208",1,"""50208"""
"836","50313",1,"""50313"""
"837","50315",1,"""50315"""
"838","50478",1,"""50478"""
"839","50588",1,"""50588"""
"840","51103",1,"""51103"""
"841","51503",1,"""51503"""
"842","52601",2,"""52601"""
"843","52722",1,"""52722"""
"844","53051",1,"""53051"""
"845","53080",1,"""53080"""
"846","53143",1,"""53143"""
"847","53189",1,"""53189"""
"848","53205",2,"""53205"""
"849","53212",1,"""53212"""
"850","53216",1,"""53216"""
"851","53218",3,"""53218"""
"852","53219",1,"""53219"""
"853","53222",1,"""53222"""
"854","53593",1,"""53593"""
"855","53711",1,"""53711"""
"856","54303",1,"""54303"""
"857","54804",4,"""54804"""
"858","54902",1,"""54902"""
"859","55022",1,"""55022"""
"860","55103",1,"""55103"""
"861","55106",3,"""55106"""
"862","55306",1,"""55306"""
"863","55362",1,"""55362"""
"864","55401",1,"""55401"""
"865","55423",1,"""55423"""
"866","55426",1,"""55426"""
"867","55428",1,"""55428"""
"868","55429",1,"""55429"""
"869","55504",1,"""55504"""
"870","55555",2,"""55555"""
"871","55721",2,"""55721"""
"872","55802",1,"""55802"""
"873","55923",2,"""55923"""
"874","56031",1,"""56031"""
"875","56119",1,"""56119"""
"876","57077",1,"""57077"""
"877","57104",1,"""57104"""
"878","57105",1,"""57105"""
"879","57783",1,"""57783"""
"880","58223",1,"""58223"""
"881","58501",1,"""58501"""
"882","59101",1,"""59101"""
"883","59218",1,"""59218"""
"884","59501",1,"""59501"""
"885","59718",1,"""59718"""
"886","60004",2,"""60004"""
"887","60005",1,"""60005"""
"888","60060",1,"""60060"""
"889","60061",1,"""60061"""
"890","60062",1,"""60062"""
"891","60073",1,"""60073"""
"892","60085",1,"""60085"""
"893","60099",1,"""60099"""
"894","60108",2,"""60108"""
"895","60120",1,"""60120"""
"896","60169",1,"""60169"""
"897","60192",2,"""60192"""
"898","60202",1,"""60202"""
"899","60409",1,"""60409"""
"900","60411",3,"""60411"""
"901","60412",1,"""60412"""
"902","60417",1,"""60417"""
"903","60419",2,"""60419"""
"904","60426",5,"""60426"""
"905","60428",1,"""60428"""
"906","60429",1,"""60429"""
"907","60430",1,"""60430"""
"908","60431",1,"""60431"""
"909","60432",1,"""60432"""
"910","60435",3,"""60435"""
"911","60446",1,"""60446"""
"912","60449",2,"""60449"""
"913","60459",1,"""60459"""
"914","60466",1,"""60466"""
"915","60473",1,"""60473"""
"916","60478",5,"""60478"""
"917","60504",1,"""60504"""
"918","60505",1,"""60505"""
"919","60543",1,"""60543"""
"920","60611",1,"""60611"""
"921","60615",1,"""60615"""
"922","60617",5,"""60617"""
"923","60619",5,"""60619"""
"924","60620",4,"""60620"""
"925","60621",6,"""60621"""
"926","60622",3,"""60622"""
"927","60623",3,"""60623"""
"928","60624",2,"""60624"""
"929","60625",1,"""60625"""
"930","60628",6,"""60628"""
"931","60631",1,"""60631"""
"932","60633",1,"""60633"""
"933","60634",3,"""60634"""
"934","60636",5,"""60636"""
"935","60639",1,"""60639"""
"936","60647",3,"""60647"""
"937","60649",5,"""60649"""
"938","60651",2,"""60651"""
"939","60652",1,"""60652"""
"940","60657",1,"""60657"""
"941","60721",1,"""60721"""
"942","60804",1,"""60804"""
"943","60827",3,"""60827"""
"944","60901",1,"""60901"""
"945","61068",1,"""61068"""
"946","61084",3,"""61084"""
"947","61201",1,"""61201"""
"948","61265",1,"""61265"""
"949","61319",2,"""61319"""
"950","61554",1,"""61554"""
"951","61605",1,"""61605"""
"952","61606",1,"""61606"""
"953","61614",1,"""61614"""
"954","61801",1,"""61801"""
"955","61820",1,"""61820"""
"956","61821",1,"""61821"""
"957","62025",1,"""62025"""
"958","62204",2,"""62204"""
"959","62223",1,"""62223"""
"960","62234",1,"""62234"""
"961","62526",1,"""62526"""
"962","62901",1,"""62901"""
"963","63031",4,"""63031"""
"964","63034",2,"""63034"""
"965","63107",1,"""63107"""
"966","63116",1,"""63116"""
"967","63125",1,"""63125"""
"968","63129",1,"""63129"""
"969","63136",1,"""63136"""
"970","63137",1,"""63137"""
"971","63146",1,"""63146"""
"972","63147",3,"""63147"""
"973","63301",1,"""63301"""
"974","63361",1,"""63361"""
"975","63367",1,"""63367"""
"976","63376",1,"""63376"""
"977","63390",1,"""63390"""
"978","64014",1,"""64014"""
"979","64063",1,"""64063"""
"980","64081",1,"""64081"""
"981","64093",1,"""64093"""
"982","64106",1,"""64106"""
"983","64109",1,"""64109"""
"984","64110",1,"""64110"""
"985","64127",1,"""64127"""
"986","64130",1,"""64130"""
"987","64132",2,"""64132"""
"988","64349",1,"""64349"""
"989","64451",1,"""64451"""
"990","64503",2,"""64503"""
"991","64506",4,"""64506"""
"992","64507",1,"""64507"""
"993","64565",1,"""64565"""
"994","64658",1,"""64658"""
"995","64734",1,"""64734"""
"996","64834",3,"""64834"""
"997","65223",1,"""65223"""
"998","65301",1,"""65301"""
"999","65462",1,"""65462"""
"1000","65536",1,"""65536"""
"1001","65556",2,"""65556"""
"1002","65613",1,"""65613"""
"1003","65672",1,"""65672"""
"1004","65803",1,"""65803"""
"1005","65804",2,"""65804"""
"1006","65807",1,"""65807"""
"1007","66053",1,"""66053"""
"1008","66103",2,"""66103"""
"1009","66133",1,"""66133"""
"1010","66151",1,"""66151"""
"1011","66210",1,"""66210"""
"1012","66212",2,"""66212"""
"1013","66213",1,"""66213"""
"1014","66215",1,"""66215"""
"1015","66547",1,"""66547"""
"1016","66605",2,"""66605"""
"1017","66612",1,"""66612"""
"1018","66739",1,"""66739"""
"1019","67207",1,"""67207"""
"1020","67208",1,"""67208"""
"1021","67212",1,"""67212"""
"1022","67213",1,"""67213"""
"1023","67215",1,"""67215"""
"1024","67217",3,"""67217"""
"1025","67220",1,"""67220"""
"1026","67337",1,"""67337"""
"1027","67561",1,"""67561"""
"1028","67570",1,"""67570"""
"1029","67631",2,"""67631"""
"1030","68010",1,"""68010"""
"1031","68104",2,"""68104"""
"1032","68105",3,"""68105"""
"1033","68111",2,"""68111"""
"1034","68117",1,"""68117"""
"1035","68144",1,"""68144"""
"1036","68147",1,"""68147"""
"1037","68601",1,"""68601"""
"1038","68801",2,"""68801"""
"1039","70000",10,"""70000"""
"1040","70001",4,"""70001"""
"1041","70002",3,"""70002"""
"1042","70003",6,"""70003"""
"1043","70005",1,"""70005"""
"1044","70006",2,"""70006"""
"1045","70009",1,"""70009"""
"1046","70016",2,"""70016"""
"1047","70030",2,"""70030"""
"1048","70033",1,"""70033"""
"1049","70036",3,"""70036"""
"1050","70043",3,"""70043"""
"1051","70049",3,"""70049"""
"1052","70051",1,"""70051"""
"1053","70053",2,"""70053"""
"1054","70056",9,"""70056"""
"1055","70058",8,"""70058"""
"1056","70062",3,"""70062"""
"1057","70063",1,"""70063"""
"1058","70065",7,"""70065"""
"1059","70068",3,"""70068"""
"1060","70070",1,"""70070"""
"1061","70071",3,"""70071"""
"1062","70072",10,"""70072"""
"1063","70073",2,"""70073"""
"1064","70086",2,"""70086"""
"1065","70087",2,"""70087"""
"1066","70088",1,"""70088"""
"1067","70090",2,"""70090"""
"1068","70092",1,"""70092"""
"1069","70093",1,"""70093"""
"1070","70094",9,"""70094"""
"1071","70112",5,"""70112"""
"1072","70113",4,"""70113"""
"1073","70114",7,"""70114"""
"1074","70115",6,"""70115"""
"1075","70116",3,"""70116"""
"1076","70117",5,"""70117"""
"1077","70118",6,"""70118"""
"1078","70119",11,"""70119"""
"1079","70121",3,"""70121"""
"1080","70122",11,"""70122"""
"1081","70123",1,"""70123"""
"1082","70124",1,"""70124"""
"1083","70125",6,"""70125"""
"1084","70126",20,"""70126"""
"1085","70127",14,"""70127"""
"1086","70128",7,"""70128"""
"1087","70129",7,"""70129"""
"1088","70130",1,"""70130"""
"1089","70131",10,"""70131"""
"1090","70172",1,"""70172"""
"1091","70301",3,"""70301"""
"1092","70303",1,"""70303"""
"1093","70316",2,"""70316"""
"1094","70345",2,"""70345"""
"1095","70346",3,"""70346"""
"1096","70347",1,"""70347"""
"1097","70354",1,"""70354"""
"1098","70356",1,"""70356"""
"1099","70359",2,"""70359"""
"1100","70360",3,"""70360"""
"1101","70363",3,"""70363"""
"1102","70364",2,"""70364"""
"1103","70380",7,"""70380"""
"1104","70390",2,"""70390"""
"1105","70392",2,"""70392"""
"1106","70394",1,"""70394"""
"1107","70401",1,"""70401"""
"1108","70403",3,"""70403"""
"1109","70422",3,"""70422"""
"1110","70427",3,"""70427"""
"1111","70432",1,"""70432"""
"1112","70436",1,"""70436"""
"1113","70437",1,"""70437"""
"1114","70442",1,"""70442"""
"1115","70443",2,"""70443"""
"1116","70444",4,"""70444"""
"1117","70445",5,"""70445"""
"1118","70447",1,"""70447"""
"1119","70448",4,"""70448"""
"1120","70449",2,"""70449"""
"1121","70454",1,"""70454"""
"1122","70458",3,"""70458"""
"1123","70459",4,"""70459"""
"1124","70460",3,"""70460"""
"1125","70461",6,"""70461"""
"1126","70465",1,"""70465"""
"1127","70466",2,"""70466"""
"1128","70471",1,"""70471"""
"1129","70501",15,"""70501"""
"1130","70502",1,"""70502"""
"1131","70503",3,"""70503"""
"1132","70506",5,"""70506"""
"1133","70507",6,"""70507"""
"1134","70508",3,"""70508"""
"1135","70510",6,"""70510"""
"1136","70512",2,"""70512"""
"1137","70514",2,"""70514"""
"1138","70517",13,"""70517"""
"1139","70518",2,"""70518"""
"1140","70519",1,"""70519"""
"1141","70520",1,"""70520"""
"1142","70525",5,"""70525"""
"1143","70526",2,"""70526"""
"1144","70528",1,"""70528"""
"1145","70529",1,"""70529"""
"1146","70535",7,"""70535"""
"1147","70538",4,"""70538"""
"1148","70543",2,"""70543"""
"1149","70544",5,"""70544"""
"1150","70546",2,"""70546"""
"1151","70548",5,"""70548"""
"1152","70549",1,"""70549"""
"1153","70554",1,"""70554"""
"1154","70558",1,"""70558"""
"1155","70560",15,"""70560"""
"1156","70562",2,"""70562"""
"1157","70563",1,"""70563"""
"1158","70568",1,"""70568"""
"1159","70570",11,"""70570"""
"1160","70577",1,"""70577"""
"1161","70578",3,"""70578"""
"1162","70580",1,"""70580"""
"1163","70581",2,"""70581"""
"1164","70582",4,"""70582"""
"1165","70583",3,"""70583"""
"1166","70586",2,"""70586"""
"1167","70591",1,"""70591"""
"1168","70601",42,"""70601"""
"1169","70603",1,"""70603"""
"1170","70605",13,"""70605"""
"1171","70607",15,"""70607"""
"1172","70611",6,"""70611"""
"1173","70615",15,"""70615"""
"1174","70632",1,"""70632"""
"1175","70633",7,"""70633"""
"1176","70634",4,"""70634"""
"1177","70637",1,"""70637"""
"1178","70645",1,"""70645"""
"1179","70647",1,"""70647"""
"1180","70652",1,"""70652"""
"1181","70653",2,"""70653"""
"1182","70657",2,"""70657"""
"1183","70660",4,"""70660"""
"1184","70661",1,"""70661"""
"1185","70663",5,"""70663"""
"1186","70665",2,"""70665"""
"1187","70668",3,"""70668"""
"1188","70669",4,"""70669"""
"1189","70706",1,"""70706"""
"1190","70708",1,"""70708"""
"1191","70710",6,"""70710"""
"1192","70714",6,"""70714"""
"1193","70715",1,"""70715"""
"1194","70722",1,"""70722"""
"1195","70723",1,"""70723"""
"1196","70726",3,"""70726"""
"1197","70727",1,"""70727"""
"1198","70733",1,"""70733"""
"1199","70734",2,"""70734"""
"1200","70737",3,"""70737"""
"1201","70744",2,"""70744"""
"1202","70748",1,"""70748"""
"1203","70754",1,"""70754"""
"1204","70755",2,"""70755"""
"1205","70757",1,"""70757"""
"1206","70758",1,"""70758"""
"1207","70760",6,"""70760"""
"1208","70764",3,"""70764"""
"1209","70766",1,"""70766"""
"1210","70767",4,"""70767"""
"1211","70769",1,"""70769"""
"1212","70770",2,"""70770"""
"1213","70774",2,"""70774"""
"1214","70775",1,"""70775"""
"1215","70785",3,"""70785"""
"1216","70788",1,"""70788"""
"1217","70791",6,"""70791"""
"1218","70802",13,"""70802"""
"1219","70805",6,"""70805"""
"1220","70806",3,"""70806"""
"1221","70807",5,"""70807"""
"1222","70808",2,"""70808"""
"1223","70809",2,"""70809"""
"1224","70810",5,"""70810"""
"1225","70811",4,"""70811"""
"1226","70812",3,"""70812"""
"1227","70814",4,"""70814"""
"1228","70815",9,"""70815"""
"1229","70816",11,"""70816"""
"1230","70817",2,"""70817"""
"1231","70819",2,"""70819"""
"1232","70820",3,"""70820"""
"1233","71019",1,"""71019"""
"1234","71037",2,"""71037"""
"1235","71038",1,"""71038"""
"1236","71040",1,"""71040"""
"1237","71045",2,"""71045"""
"1238","71052",1,"""71052"""
"1239","71055",4,"""71055"""
"1240","71064",3,"""71064"""
"1241","71067",2,"""71067"""
"1242","71101",3,"""71101"""
"1243","71104",2,"""71104"""
"1244","71105",1,"""71105"""
"1245","71106",9,"""71106"""
"1246","71107",4,"""71107"""
"1247","71108",4,"""71108"""
"1248","71109",3,"""71109"""
"1249","71111",6,"""71111"""
"1250","71115",1,"""71115"""
"1251","71118",1,"""71118"""
"1252","71119",2,"""71119"""
"1253","71129",6,"""71129"""
"1254","71201",2,"""71201"""
"1255","71202",7,"""71202"""
"1256","71203",3,"""71203"""
"1257","71211",1,"""71211"""
"1258","71220",3,"""71220"""
"1259","71222",1,"""71222"""
"1260","71225",2,"""71225"""
"1261","71238",1,"""71238"""
"1262","71241",1,"""71241"""
"1263","71247",1,"""71247"""
"1264","71251",1,"""71251"""
"1265","71269",1,"""71269"""
"1266","71291",3,"""71291"""
"1267","71301",9,"""71301"""
"1268","71302",7,"""71302"""
"1269","71303",1,"""71303"""
"1270","71322",1,"""71322"""
"1271","71325",2,"""71325"""
"1272","71334",1,"""71334"""
"1273","71346",1,"""71346"""
"1274","71350",1,"""71350"""
"1275","71351",3,"""71351"""
"1276","71353",1,"""71353"""
"1277","71354",1,"""71354"""
"1278","71360",4,"""71360"""
"1279","71405",1,"""71405"""
"1280","71409",2,"""71409"""
"1281","71411",1,"""71411"""
"1282","71429",1,"""71429"""
"1283","71433",1,"""71433"""
"1284","71435",2,"""71435"""
"1285","71439",1,"""71439"""
"1286","71446",3,"""71446"""
"1287","71449",3,"""71449"""
"1288","71454",1,"""71454"""
"1289","71457",10,"""71457"""
"1290","71459",1,"""71459"""
"1291","71461",1,"""71461"""
"1292","71463",1,"""71463"""
"1293","71467",2,"""71467"""
"1294","71469",1,"""71469"""
"1295","71483",1,"""71483"""
"1296","71603",1,"""71603"""
"1297","71606",1,"""71606"""
"1298","71639",1,"""71639"""
"1299","71730",1,"""71730"""
"1300","71742",1,"""71742"""
"1301","71764",3,"""71764"""
"1302","71801",1,"""71801"""
"1303","71826",1,"""71826"""
"1304","71854",3,"""71854"""
"1305","71861",1,"""71861"""
"1306","71901",1,"""71901"""
"1307","71909",1,"""71909"""
"1308","71913",2,"""71913"""
"1309","71923",1,"""71923"""
"1310","71943",1,"""71943"""
"1311","72012",2,"""72012"""
"1312","72023",2,"""72023"""
"1313","72060",1,"""72060"""
"1314","72071",1,"""72071"""
"1315","72076",2,"""72076"""
"1316","72081",1,"""72081"""
"1317","72103",2,"""72103"""
"1318","72113",1,"""72113"""
"1319","72114",2,"""72114"""
"1320","72116",1,"""72116"""
"1321","72131",1,"""72131"""
"1322","72143",1,"""72143"""
"1323","72150",1,"""72150"""
"1324","72206",2,"""72206"""
"1325","72209",5,"""72209"""
"1326","72211",3,"""72211"""
"1327","72301",5,"""72301"""
"1328","72315",1,"""72315"""
"1329","72342",1,"""72342"""
"1330","72362",1,"""72362"""
"1331","72471",1,"""72471"""
"1332","72501",1,"""72501"""
"1333","72504",1,"""72504"""
"1334","72543",1,"""72543"""
"1335","72581",1,"""72581"""
"1336","72701",1,"""72701"""
"1337","72712",1,"""72712"""
"1338","72730",3,"""72730"""
"1339","72764",1,"""72764"""
"1340","72904",1,"""72904"""
"1341","72933",1,"""72933"""
"1342","73013",4,"""73013"""
"1343","73034",1,"""73034"""
"1344","73036",1,"""73036"""
"1345","73064",1,"""73064"""
"1346","73084",1,"""73084"""
"1347","73088",1,"""73088"""
"1348","73089",1,"""73089"""
"1349","73096",2,"""73096"""
"1350","73099",1,"""73099"""
"1351","73109",3,"""73109"""
"1352","73110",2,"""73110"""
"1353","73111",2,"""73111"""
"1354","73112",1,"""73112"""
"1355","73115",1,"""73115"""
"1356","73117",1,"""73117"""
"1357","73129",1,"""73129"""
"1358","73130",1,"""73130"""
"1359","73132",2,"""73132"""
"1360","73159",1,"""73159"""
"1361","73301",1,"""73301"""
"1362","73309",1,"""73309"""
"1363","73388",5,"""73388"""
"1364","73438",1,"""73438"""
"1365","73446",2,"""73446"""
"1366","73503",1,"""73503"""
"1367","73505",1,"""73505"""
"1368","73546",1,"""73546"""
"1369","73562",1,"""73562"""
"1370","73573",1,"""73573"""
"1371","73590",1,"""73590"""
"1372","73644",1,"""73644"""
"1373","73755",1,"""73755"""
"1374","73770",4,"""73770"""
"1375","74010",1,"""74010"""
"1376","74012",4,"""74012"""
"1377","74014",2,"""74014"""
"1378","74017",1,"""74017"""
"1379","74018",1,"""74018"""
"1380","74037",2,"""74037"""
"1381","74044",1,"""74044"""
"1382","74051",1,"""74051"""
"1383","74055",1,"""74055"""
"1384","74063",5,"""74063"""
"1385","74075",1,"""74075"""
"1386","74083",1,"""74083"""
"1387","74106",2,"""74106"""
"1388","74112",1,"""74112"""
"1389","74132",1,"""74132"""
"1390","74133",3,"""74133"""
"1391","74137",1,"""74137"""
"1392","74257",2,"""74257"""
"1393","74292",1,"""74292"""
"1394","74330",2,"""74330"""
"1395","74342",1,"""74342"""
"1396","74361",1,"""74361"""
"1397","74429",4,"""74429"""
"1398","74447",1,"""74447"""
"1399","74523",1,"""74523"""
"1400","74536",1,"""74536"""
"1401","74545",1,"""74545"""
"1402","74653",1,"""74653"""
"1403","74730",1,"""74730"""
"1404","74740",2,"""74740"""
"1405","74743",4,"""74743"""
"1406","74859",1,"""74859"""
"1407","74868",1,"""74868"""
"1408","74948",1,"""74948"""
"1409","74954",1,"""74954"""
"1410","75001",2,"""75001"""
"1411","75002",5,"""75002"""
"1412","75006",9,"""75006"""
"1413","75007",2,"""75007"""
"1414","75009",3,"""75009"""
"1415","75010",5,"""75010"""
"1416","75013",3,"""75013"""
"1417","75017",1,"""75017"""
"1418","75019",3,"""75019"""
"1419","75020",5,"""75020"""
"1420","75022",3,"""75022"""
"1421","75023",6,"""75023"""
"1422","75024",4,"""75024"""
"1423","75025",2,"""75025"""
"1424","75028",1,"""75028"""
"1425","75029",1,"""75029"""
"1426","75032",2,"""75032"""
"1427","75033",2,"""75033"""
"1428","75034",6,"""75034"""
"1429","75035",8,"""75035"""
"1430","75036",1,"""75036"""
"1431","75038",14,"""75038"""
"1432","75039",3,"""75039"""
"1433","75040",13,"""75040"""
"1434","75041",2,"""75041"""
"1435","75042",8,"""75042"""
"1436","75043",11,"""75043"""
"1437","75044",5,"""75044"""
"1438","75050",7,"""75050"""
"1439","75051",5,"""75051"""
"1440","75052",11,"""75052"""
"1441","75054",6,"""75054"""
"1442","75056",8,"""75056"""
"1443","75057",4,"""75057"""
"1444","75058",1,"""75058"""
"1445","75060",10,"""75060"""
"1446","75061",12,"""75061"""
"1447","75062",11,"""75062"""
"1448","75063",7,"""75063"""
"1449","75065",1,"""75065"""
"1450","75067",7,"""75067"""
"1451","75068",10,"""75068"""
"1452","75069",7,"""75069"""
"1453","75070",17,"""75070"""
"1454","75071",6,"""75071"""
"1455","75074",6,"""75074"""
"1456","75075",3,"""75075"""
"1457","75077",1,"""75077"""
"1458","75078",2,"""75078"""
"1459","75080",5,"""75080"""
"1460","75081",7,"""75081"""
"1461","75087",1,"""75087"""
"1462","75088",5,"""75088"""
"1463","75089",8,"""75089"""
"1464","75090",5,"""75090"""
"1465","75091",1,"""75091"""
"1466","75092",1,"""75092"""
"1467","75093",2,"""75093"""
"1468","75098",7,"""75098"""
"1469","75103",3,"""75103"""
"1470","75104",19,"""75104"""
"1471","75109",1,"""75109"""
"1472","75110",9,"""75110"""
"1473","75114",4,"""75114"""
"1474","75115",25,"""75115"""
"1475","75116",6,"""75116"""
"1476","75119",6,"""75119"""
"1477","75124",6,"""75124"""
"1478","75125",1,"""75125"""
"1479","75126",10,"""75126"""
"1480","75134",9,"""75134"""
"1481","75135",1,"""75135"""
"1482","75137",7,"""75137"""
"1483","75141",2,"""75141"""
"1484","75142",5,"""75142"""
"1485","75143",1,"""75143"""
"1486","75146",15,"""75146"""
"1487","75147",2,"""75147"""
"1488","75148",1,"""75148"""
"1489","75149",11,"""75149"""
"1490","75150",17,"""75150"""
"1491","75154",10,"""75154"""
"1492","75155",1,"""75155"""
"1493","75156",1,"""75156"""
"1494","75158",3,"""75158"""
"1495","75159",9,"""75159"""
"1496","75161",1,"""75161"""
"1497","75163",1,"""75163"""
"1498","75165",3,"""75165"""
"1499","75166",1,"""75166"""
"1500","75169",2,"""75169"""
"1501","75172",10,"""75172"""
"1502","75175",2,"""75175"""
"1503","75180",6,"""75180"""
"1504","75181",7,"""75181"""
"1505","75182",1,"""75182"""
"1506","75189",2,"""75189"""
"1507","75201",19,"""75201"""
"1508","75202",3,"""75202"""
"1509","75203",4,"""75203"""
"1510","75204",12,"""75204"""
"1511","75206",9,"""75206"""
"1512","75208",8,"""75208"""
"1513","75209",1,"""75209"""
"1514","75210",2,"""75210"""
"1515","75211",16,"""75211"""
"1516","75212",5,"""75212"""
"1517","75214",7,"""75214"""
"1518","75215",11,"""75215"""
"1519","75216",22,"""75216"""
"1520","75217",24,"""75217"""
"1521","75218",3,"""75218"""
"1522","75219",10,"""75219"""
"1523","75220",10,"""75220"""
"1524","75223",3,"""75223"""
"1525","75224",9,"""75224"""
"1526","75225",1,"""75225"""
"1527","75227",18,"""75227"""
"1528","75228",20,"""75228"""
"1529","75229",5,"""75229"""
"1530","75230",6,"""75230"""
"1531","75231",7,"""75231"""
"1532","75232",16,"""75232"""
"1533","75233",7,"""75233"""
"1534","75234",4,"""75234"""
"1535","75235",4,"""75235"""
"1536","75236",1,"""75236"""
"1537","75237",13,"""75237"""
"1538","75238",1,"""75238"""
"1539","75240",5,"""75240"""
"1540","75241",25,"""75241"""
"1541","75243",15,"""75243"""
"1542","75244",4,"""75244"""
"1543","75246",2,"""75246"""
"1544","75247",2,"""75247"""
"1545","75248",1,"""75248"""
"1546","75249",2,"""75249"""
"1547","75251",1,"""75251"""
"1548","75252",2,"""75252"""
"1549","75253",3,"""75253"""
"1550","75254",4,"""75254"""
"1551","75287",16,"""75287"""
"1552","75346",2,"""75346"""
"1553","75398",1,"""75398"""
"1554","75401",6,"""75401"""
"1555","75402",1,"""75402"""
"1556","75407",6,"""75407"""
"1557","75417",1,"""75417"""
"1558","75418",6,"""75418"""
"1559","75428",1,"""75428"""
"1560","75436",3,"""75436"""
"1561","75437",1,"""75437"""
"1562","75440",1,"""75440"""
"1563","75442",1,"""75442"""
"1564","75453",1,"""75453"""
"1565","75454",1,"""75454"""
"1566","75455",7,"""75455"""
"1567","75457",3,"""75457"""
"1568","75460",2,"""75460"""
"1569","75462",1,"""75462"""
"1570","75474",1,"""75474"""
"1571","75482",5,"""75482"""
"1572","75486",1,"""75486"""
"1573","75490",2,"""75490"""
"1574","75491",2,"""75491"""
"1575","75493",2,"""75493"""
"1576","75494",1,"""75494"""
"1577","75497",1,"""75497"""
"1578","75501",6,"""75501"""
"1579","75503",3,"""75503"""
"1580","75505",1,"""75505"""
"1581","75520",1,"""75520"""
"1582","75536",1,"""75536"""
"1583","75550",1,"""75550"""
"1584","75551",2,"""75551"""
"1585","75555",1,"""75555"""
"1586","75559",1,"""75559"""
"1587","75560",1,"""75560"""
"1588","75561",2,"""75561"""
"1589","75567",1,"""75567"""
"1590","75570",9,"""75570"""
"1591","75571",1,"""75571"""
"1592","75574",1,"""75574"""
"1593","75601",5,"""75601"""
"1594","75602",7,"""75602"""
"1595","75603",1,"""75603"""
"1596","75604",6,"""75604"""
"1597","75605",6,"""75605"""
"1598","75630",1,"""75630"""
"1599","75633",4,"""75633"""
"1600","75640",1,"""75640"""
"1601","75647",5,"""75647"""
"1602","75652",15,"""75652"""
"1603","75653",4,"""75653"""
"1604","75654",8,"""75654"""
"1605","75657",2,"""75657"""
"1606","75661",1,"""75661"""
"1607","75662",7,"""75662"""
"1608","75669",1,"""75669"""
"1609","75670",3,"""75670"""
"1610","75672",2,"""75672"""
"1611","75681",1,"""75681"""
"1612","75683",1,"""75683"""
"1613","75684",2,"""75684"""
"1614","75685",2,"""75685"""
"1615","75686",2,"""75686"""
"1616","75691",2,"""75691"""
"1617","75692",2,"""75692"""
"1618","75693",1,"""75693"""
"1619","75701",16,"""75701"""
"1620","75702",10,"""75702"""
"1621","75703",13,"""75703"""
"1622","75704",3,"""75704"""
"1623","75706",2,"""75706"""
"1624","75707",2,"""75707"""
"1625","75708",1,"""75708"""
"1626","75709",16,"""75709"""
"1627","75751",2,"""75751"""
"1628","75752",3,"""75752"""
"1629","75753",1,"""75753"""
"1630","75756",1,"""75756"""
"1631","75757",1,"""75757"""
"1632","75758",2,"""75758"""
"1633","75759",1,"""75759"""
"1634","75760",1,"""75760"""
"1635","75762",3,"""75762"""
"1636","75765",1,"""75765"""
"1637","75766",10,"""75766"""
"1638","75767",1,"""75767"""
"1639","75771",2,"""75771"""
"1640","75773",3,"""75773"""
"1641","75777",1,"""75777"""
"1642","75778",1,"""75778"""
"1643","75783",3,"""75783"""
"1644","75785",5,"""75785"""
"1645","75790",1,"""75790"""
"1646","75791",1,"""75791"""
"1647","75801",11,"""75801"""
"1648","75803",6,"""75803"""
"1649","75831",2,"""75831"""
"1650","75833",6,"""75833"""
"1651","75835",32,"""75835"""
"1652","75839",1,"""75839"""
"1653","75840",7,"""75840"""
"1654","75844",8,"""75844"""
"1655","75845",1,"""75845"""
"1656","75846",2,"""75846"""
"1657","75847",4,"""75847"""
"1658","75849",1,"""75849"""
"1659","75851",6,"""75851"""
"1660","75852",4,"""75852"""
"1661","75860",3,"""75860"""
"1662","75861",4,"""75861"""
"1663","75862",20,"""75862"""
"1664","75865",1,"""75865"""
"1665","75880",4,"""75880"""
"1666","75884",1,"""75884"""
"1667","75886",3,"""75886"""
"1668","75901",50,"""75901"""
"1669","75904",44,"""75904"""
"1670","75926",9,"""75926"""
"1671","75928",1,"""75928"""
"1672","75930",3,"""75930"""
"1673","75932",1,"""75932"""
"1674","75935",12,"""75935"""
"1675","75936",1,"""75936"""
"1676","75937",3,"""75937"""
"1677","75938",1,"""75938"""
"1678","75939",11,"""75939"""
"1679","75941",12,"""75941"""
"1680","75943",3,"""75943"""
"1681","75946",3,"""75946"""
"1682","75948",4,"""75948"""
"1683","75949",7,"""75949"""
"1684","75951",19,"""75951"""
"1685","75956",2,"""75956"""
"1686","75961",14,"""75961"""
"1687","75964",16,"""75964"""
"1688","75965",22,"""75965"""
"1689","75966",4,"""75966"""
"1690","75969",2,"""75969"""
"1691","75972",9,"""75972"""
"1692","75973",2,"""75973"""
"1693","75974",2,"""75974"""
"1694","75977",2,"""75977"""
"1695","75979",17,"""75979"""
"1696","75990",12,"""75990"""
"1697","76001",3,"""76001"""
"1698","76002",16,"""76002"""
"1699","76005",3,"""76005"""
"1700","76006",9,"""76006"""
"1701","76008",1,"""76008"""
"1702","76009",8,"""76009"""
"1703","76010",15,"""76010"""
"1704","76011",19,"""76011"""
"1705","76012",9,"""76012"""
"1706","76013",5,"""76013"""
"1707","76014",17,"""76014"""
"1708","76015",4,"""76015"""
"1709","76016",5,"""76016"""
"1710","76017",6,"""76017"""
"1711","76018",5,"""76018"""
"1712","76020",6,"""76020"""
"1713","76021",3,"""76021"""
"1714","76028",4,"""76028"""
"1715","76031",4,"""76031"""
"1716","76033",3,"""76033"""
"1717","76034",1,"""76034"""
"1718","76036",8,"""76036"""
"1719","76039",8,"""76039"""
"1720","76040",5,"""76040"""
"1721","76044",2,"""76044"""
"1722","76048",3,"""76048"""
"1723","76049",2,"""76049"""
"1724","76050",1,"""76050"""
"1725","76051",7,"""76051"""
"1726","76053",6,"""76053"""
"1727","76058",1,"""76058"""
"1728","76059",5,"""76059"""
"1729","76060",1,"""76060"""
"1730","76063",13,"""76063"""
"1731","76064",1,"""76064"""
"1732","76065",5,"""76065"""
"1733","76067",8,"""76067"""
"1734","76074",1,"""76074"""
"1735","76078",2,"""76078"""
"1736","76082",2,"""76082"""
"1737","76084",4,"""76084"""
"1738","76085",1,"""76085"""
"1739","76086",2,"""76086"""
"1740","76087",1,"""76087"""
"1741","76088",2,"""76088"""
"1742","76092",2,"""76092"""
"1743","76093",3,"""76093"""
"1744","76102",7,"""76102"""
"1745","76103",3,"""76103"""
"1746","76104",9,"""76104"""
"1747","76105",8,"""76105"""
"1748","76106",6,"""76106"""
"1749","76107",7,"""76107"""
"1750","76108",8,"""76108"""
"1751","76110",6,"""76110"""
"1752","76111",3,"""76111"""
"1753","76112",14,"""76112"""
"1754","76114",6,"""76114"""
"1755","76115",2,"""76115"""
"1756","76116",11,"""76116"""
"1757","76117",2,"""76117"""
"1758","76118",2,"""76118"""
"1759","76119",16,"""76119"""
"1760","76120",13,"""76120"""
"1761","76123",12,"""76123"""
"1762","76131",8,"""76131"""
"1763","76132",2,"""76132"""
"1764","76133",6,"""76133"""
"1765","76134",6,"""76134"""
"1766","76135",5,"""76135"""
"1767","76137",10,"""76137"""
"1768","76140",7,"""76140"""
"1769","76148",1,"""76148"""
"1770","76155",1,"""76155"""
"1771","76161",1,"""76161"""
"1772","76164",1,"""76164"""
"1773","76177",1,"""76177"""
"1774","76179",5,"""76179"""
"1775","76180",1,"""76180"""
"1776","76182",2,"""76182"""
"1777","76201",5,"""76201"""
"1778","76205",3,"""76205"""
"1779","76207",1,"""76207"""
"1780","76209",1,"""76209"""
"1781","76210",3,"""76210"""
"1782","76226",1,"""76226"""
"1783","76227",5,"""76227"""
"1784","76234",1,"""76234"""
"1785","76240",2,"""76240"""
"1786","76244",9,"""76244"""
"1787","76248",1,"""76248"""
"1788","76252",1,"""76252"""
"1789","76255",3,"""76255"""
"1790","76258",2,"""76258"""
"1791","76262",4,"""76262"""
"1792","76266",1,"""76266"""
"1793","76302",3,"""76302"""
"1794","76305",1,"""76305"""
"1795","76306",3,"""76306"""
"1796","76308",1,"""76308"""
"1797","76309",1,"""76309"""
"1798","76310",1,"""76310"""
"1799","76336",5,"""76336"""
"1800","76360",1,"""76360"""
"1801","76364",1,"""76364"""
"1802","76365",1,"""76365"""
"1803","76367",5,"""76367"""
"1804","76376",1,"""76376"""
"1805","76384",3,"""76384"""
"1806","76389",1,"""76389"""
"1807","76401",3,"""76401"""
"1808","76408",1,"""76408"""
"1809","76424",6,"""76424"""
"1810","76426",7,"""76426"""
"1811","76427",1,"""76427"""
"1812","76431",1,"""76431"""
"1813","76446",1,"""76446"""
"1814","76448",2,"""76448"""
"1815","76470",1,"""76470"""
"1816","76475",3,"""76475"""
"1817","76501",5,"""76501"""
"1818","76502",9,"""76502"""
"1819","76504",5,"""76504"""
"1820","76513",3,"""76513"""
"1821","76518",1,"""76518"""
"1822","76520",1,"""76520"""
"1823","76522",8,"""76522"""
"1824","76527",2,"""76527"""
"1825","76528",6,"""76528"""
"1826","76530",6,"""76530"""
"1827","76537",2,"""76537"""
"1828","76538",1,"""76538"""
"1829","76539",3,"""76539"""
"1830","76541",17,"""76541"""
"1831","76542",30,"""76542"""
"1832","76543",25,"""76543"""
"1833","76544",6,"""76544"""
"1834","76548",16,"""76548"""
"1835","76549",27,"""76549"""
"1836","76550",1,"""76550"""
"1837","76567",3,"""76567"""
"1838","76571",1,"""76571"""
"1839","76574",12,"""76574"""
"1840","76578",1,"""76578"""
"1841","76579",1,"""76579"""
"1842","76596",2,"""76596"""
"1843","76597",3,"""76597"""
"1844","76599",2,"""76599"""
"1845","76629",1,"""76629"""
"1846","76632",1,"""76632"""
"1847","76633",2,"""76633"""
"1848","76635",1,"""76635"""
"1849","76638",1,"""76638"""
"1850","76642",1,"""76642"""
"1851","76643",2,"""76643"""
"1852","76645",5,"""76645"""
"1853","76648",2,"""76648"""
"1854","76653",1,"""76653"""
"1855","76661",12,"""76661"""
"1856","76667",4,"""76667"""
"1857","76671",2,"""76671"""
"1858","76691",3,"""76691"""
"1859","76692",5,"""76692"""
"1860","76693",1,"""76693"""
"1861","76704",4,"""76704"""
"1862","76705",11,"""76705"""
"1863","76706",7,"""76706"""
"1864","76707",6,"""76707"""
"1865","76708",5,"""76708"""
"1866","76710",8,"""76710"""
"1867","76712",7,"""76712"""
"1868","76801",4,"""76801"""
"1869","76821",1,"""76821"""
"1870","76827",3,"""76827"""
"1871","76834",1,"""76834"""
"1872","76856",1,"""76856"""
"1873","76857",1,"""76857"""
"1874","76877",7,"""76877"""
"1875","76901",3,"""76901"""
"1876","76903",6,"""76903"""
"1877","76904",4,"""76904"""
"1878","76905",2,"""76905"""
"1879","76932",1,"""76932"""
"1880","76945",1,"""76945"""
"1881","77000",282,"""77000"""
"1882","77001",74,"""77001"""
"1883","77002",1745,"""77002"""
"1884","77003",744,"""77003"""
"1885","77004",2700,"""77004"""
"1886","77005",167,"""77005"""
"1887","77006",642,"""77006"""
"1888","77007",891,"""77007"""
"1889","77008",754,"""77008"""
"1890","77009",2178,"""77009"""
"1891","77010",5,"""77010"""
"1892","77011",1148,"""77011"""
"1893","77012",1159,"""77012"""
"1894","77013",1214,"""77013"""
"1895","77014",2221,"""77014"""
"1896","77015",3271,"""77015"""
"1897","77016",3568,"""77016"""
"1898","77017",1685,"""77017"""
"1899","77018",888,"""77018"""
"1900","77019",479,"""77019"""
"1901","77020",2048,"""77020"""
"1902","77021",2989,"""77021"""
"1903","77022",2266,"""77022"""
"1904","77023",1461,"""77023"""
"1905","77024",473,"""77024"""
"1906","77025",570,"""77025"""
"1907","77026",3014,"""77026"""
"1908","77027",308,"""77027"""
"1909","77028",2065,"""77028"""
"1910","77029",1228,"""77029"""
"1911","77030",166,"""77030"""
"1912","77031",938,"""77031"""
"1913","77032",1125,"""77032"""
"1914","77033",3229,"""77033"""
"1915","77034",1844,"""77034"""
"1916","77035",2147,"""77035"""
"1917","77036",4044,"""77036"""
"1918","77037",1244,"""77037"""
"1919","77038",1555,"""77038"""
"1920","77039",1937,"""77039"""
"1921","77040",2189,"""77040"""
"1922","77041",1194,"""77041"""
"1923","77042",2059,"""77042"""
"1924","77043",799,"""77043"""
"1925","77044",2087,"""77044"""
"1926","77045",1949,"""77045"""
"1927","77046",48,"""77046"""
"1928","77047",1654,"""77047"""
"1929","77048",1604,"""77048"""
"1930","77049",1604,"""77049"""
"1931","77050",333,"""77050"""
"1932","77051",1929,"""77051"""
"1933","77052",27,"""77052"""
"1934","77053",1428,"""77053"""
"1935","77054",952,"""77054"""
"1936","77055",1753,"""77055"""
"1937","77056",557,"""77056"""
"1938","77057",1721,"""77057"""
"1939","77058",595,"""77058"""
"1940","77059",208,"""77059"""
"1941","77060",3015,"""77060"""
"1942","77061",1350,"""77061"""
"1943","77062",580,"""77062"""
"1944","77063",1805,"""77063"""
"1945","77064",1763,"""77064"""
"1946","77065",1516,"""77065"""
"1947","77066",1367,"""77066"""
"1948","77067",2277,"""77067"""
"1949","77068",590,"""77068"""
"1950","77069",659,"""77069"""
"1951","77070",1860,"""77070"""
"1952","77071",1350,"""77071"""
"1953","77072",2691,"""77072"""
"1954","77073",2668,"""77073"""
"1955","77074",1785,"""77074"""
"1956","77075",1612,"""77075"""
"1957","77076",1924,"""77076"""
"1958","77077",1971,"""77077"""
"1959","77078",1599,"""77078"""
"1960","77079",711,"""77079"""
"1961","77080",2004,"""77080"""
"1962","77081",2332,"""77081"""
"1963","77082",2376,"""77082"""
"1964","77083",2144,"""77083"""
"1965","77084",3962,"""77084"""
"1966","77085",814,"""77085"""
"1967","77086",1569,"""77086"""
"1968","77087",2190,"""77087"""
"1969","77088",4190,"""77088"""
"1970","77089",1787,"""77089"""
"1971","77090",3481,"""77090"""
"1972","77091",2366,"""77091"""
"1973","77092",1856,"""77092"""
"1974","77093",3423,"""77093"""
"1975","77094",186,"""77094"""
"1976","77095",1828,"""77095"""
"1977","77096",1019,"""77096"""
"1978","77097",9,"""77097"""
"1979","77098",326,"""77098"""
"1980","77099",2350,"""77099"""
"1981","77103",1,"""77103"""
"1982","77105",1,"""77105"""
"1983","77107",1,"""77107"""
"1984","77120",1,"""77120"""
"1985","77127",1,"""77127"""
"1986","77150",1,"""77150"""
"1987","77153",1,"""77153"""
"1988","77155",3,"""77155"""
"1989","77182",1,"""77182"""
"1990","77193",1,"""77193"""
"1991","77202",2,"""77202"""
"1992","77204",5,"""77204"""
"1993","77205",1,"""77205"""
"1994","77208",1,"""77208"""
"1995","77209",1,"""77209"""
"1996","77210",2,"""77210"""
"1997","77213",2,"""77213"""
"1998","77215",4,"""77215"""
"1999","77218",1,"""77218"""
"2000","77219",1,"""77219"""
"2001","77222",1,"""77222"""
"2002","77223",2,"""77223"""
"2003","77224",2,"""77224"""
"2004","77226",4,"""77226"""
"2005","77228",1,"""77228"""
"2006","77230",1,"""77230"""
"2007","77231",1,"""77231"""
"2008","77234",3,"""77234"""
"2009","77236",1,"""77236"""
"2010","77237",1,"""77237"""
"2011","77241",4,"""77241"""
"2012","77246",1,"""77246"""
"2013","77248",2,"""77248"""
"2014","77249",8,"""77249"""
"2015","77251",8,"""77251"""
"2016","77253",4,"""77253"""
"2017","77265",1,"""77265"""
"2018","77267",3,"""77267"""
"2019","77269",3,"""77269"""
"2020","77270",1,"""77270"""
"2021","77271",1,"""77271"""
"2022","77272",1,"""77272"""
"2023","77273",4,"""77273"""
"2024","77274",1,"""77274"""
"2025","77279",4,"""77279"""
"2026","77280",1,"""77280"""
"2027","77282",1,"""77282"""
"2028","77284",1,"""77284"""
"2029","77286",1,"""77286"""
"2030","77288",4,"""77288"""
"2031","77290",1,"""77290"""
"2032","77291",1,"""77291"""
"2033","77301",247,"""77301"""
"2034","77302",129,"""77302"""
"2035","77303",99,"""77303"""
"2036","77304",137,"""77304"""
"2037","77305",2,"""77305"""
"2038","77306",103,"""77306"""
"2039","77307",4,"""77307"""
"2040","77308",7,"""77308"""
"2041","77310",1,"""77310"""
"2042","77316",102,"""77316"""
"2043","77318",71,"""77318"""
"2044","77320",98,"""77320"""
"2045","77321",5,"""77321"""
"2046","77322",2,"""77322"""
"2047","77323",4,"""77323"""
"2048","77325",2,"""77325"""
"2049","77326",1,"""77326"""
"2050","77327",295,"""77327"""
"2051","77328",111,"""77328"""
"2052","77329",4,"""77329"""
"2053","77330",2,"""77330"""
"2054","77331",45,"""77331"""
"2055","77332",2,"""77332"""
"2056","77335",13,"""77335"""
"2057","77336",484,"""77336"""
"2058","77337",6,"""77337"""
"2059","77338",2500,"""77338"""
"2060","77339",658,"""77339"""
"2061","77340",83,"""77340"""
"2062","77341",3,"""77341"""
"2063","77343",6,"""77343"""
"2064","77344",5,"""77344"""
"2065","77345",251,"""77345"""
"2066","77346",2011,"""77346"""
"2067","77347",11,"""77347"""
"2068","77348",7,"""77348"""
"2069","77349",4,"""77349"""
"2070","77350",5,"""77350"""
"2071","77351",106,"""77351"""
"2072","77352",2,"""77352"""
"2073","77353",8,"""77353"""
"2074","77354",338,"""77354"""
"2075","77355",346,"""77355"""
"2076","77356",110,"""77356"""
"2077","77357",352,"""77357"""
"2078","77358",24,"""77358"""
"2079","77359",8,"""77359"""
"2080","77360",30,"""77360"""
"2081","77361",2,"""77361"""
"2082","77362",96,"""77362"""
"2083","77363",31,"""77363"""
"2084","77364",13,"""77364"""
"2085","77365",480,"""77365"""
"2086","77366",1,"""77366"""
"2087","77367",3,"""77367"""
"2088","77368",1,"""77368"""
"2089","77369",8,"""77369"""
"2090","77370",1,"""77370"""
"2091","77371",39,"""77371"""
"2092","77372",142,"""77372"""
"2093","77373",2882,"""77373"""
"2094","77374",4,"""77374"""
"2095","77375",1675,"""77375"""
"2096","77376",16,"""77376"""
"2097","77377",749,"""77377"""
"2098","77378",88,"""77378"""
"2099","77379",1737,"""77379"""
"2100","77380",230,"""77380"""
"2101","77381",111,"""77381"""
"2102","77382",90,"""77382"""
"2103","77383",4,"""77383"""
"2104","77384",115,"""77384"""
"2105","77385",167,"""77385"""
"2106","77386",419,"""77386"""
"2107","77387",2,"""77387"""
"2108","77388",1298,"""77388"""
"2109","77389",641,"""77389"""
"2110","77390",1,"""77390"""
"2111","77391",1,"""77391"""
"2112","77393",12,"""77393"""
"2113","77394",2,"""77394"""
"2114","77395",6,"""77395"""
"2115","77396",2755,"""77396"""
"2116","77397",6,"""77397"""
"2117","77398",1,"""77398"""
"2118","77399",2,"""77399"""
"2119","77400",2,"""77400"""
"2120","77401",139,"""77401"""
"2121","77402",4,"""77402"""
"2122","77403",3,"""77403"""
"2123","77404",2,"""77404"""
"2124","77405",1,"""77405"""
"2125","77406",318,"""77406"""
"2126","77407",531,"""77407"""
"2127","77408",1,"""77408"""
"2128","77409",3,"""77409"""
"2129","77411",1,"""77411"""
"2130","77412",1,"""77412"""
"2131","77414",84,"""77414"""
"2132","77417",11,"""77417"""
"2133","77418",31,"""77418"""
"2134","77419",1,"""77419"""
"2135","77420",4,"""77420"""
"2136","77422",35,"""77422"""
"2137","77423",167,"""77423"""
"2138","77424",1,"""77424"""
"2139","77425",1,"""77425"""
"2140","77426",4,"""77426"""
"2141","77427",1,"""77427"""
"2142","77428",6,"""77428"""
"2143","77429",1942,"""77429"""
"2144","77430",14,"""77430"""
"2145","77431",1,"""77431"""
"2146","77432",3,"""77432"""
"2147","77433",2100,"""77433"""
"2148","77434",19,"""77434"""
"2149","77435",15,"""77435"""
"2150","77436",5,"""77436"""
"2151","77437",36,"""77437"""
"2152","77439",3,"""77439"""
"2153","77440",1,"""77440"""
"2154","77441",84,"""77441"""
"2155","77442",1,"""77442"""
"2156","77443",33,"""77443"""
"2157","77444",10,"""77444"""
"2158","77445",155,"""77445"""
"2159","77446",32,"""77446"""
"2160","77447",493,"""77447"""
"2161","77448",9,"""77448"""
"2162","77449",4435,"""77449"""
"2163","77450",1258,"""77450"""
"2164","77451",7,"""77451"""
"2165","77452",1,"""77452"""
"2166","77453",3,"""77453"""
"2167","77454",11,"""77454"""
"2168","77455",5,"""77455"""
"2169","77456",5,"""77456"""
"2170","77457",1,"""77457"""
"2171","77458",5,"""77458"""
"2172","77459",614,"""77459"""
"2173","77460",2,"""77460"""
"2174","77461",56,"""77461"""
"2175","77463",3,"""77463"""
"2176","77464",1,"""77464"""
"2177","77465",14,"""77465"""
"2178","77466",10,"""77466"""
"2179","77467",8,"""77467"""
"2180","77469",645,"""77469"""
"2181","77470",4,"""77470"""
"2182","77471",301,"""77471"""
"2183","77473",4,"""77473"""
"2184","77474",87,"""77474"""
"2185","77476",7,"""77476"""
"2186","77477",619,"""77477"""
"2187","77478",293,"""77478"""
"2188","77479",365,"""77479"""
"2189","77480",12,"""77480"""
"2190","77481",4,"""77481"""
"2191","77482",4,"""77482"""
"2192","77483",2,"""77483"""
"2193","77484",185,"""77484"""
"2194","77485",25,"""77485"""
"2195","77486",22,"""77486"""
"2196","77487",1,"""77487"""
"2197","77488",51,"""77488"""
"2198","77489",1376,"""77489"""
"2199","77491",1,"""77491"""
"2200","77492",4,"""77492"""
"2201","77493",964,"""77493"""
"2202","77494",802,"""77494"""
"2203","77495",1,"""77495"""
"2204","77497",1,"""77497"""
"2205","77498",481,"""77498"""
"2206","77499",13,"""77499"""
"2207","77500",1,"""77500"""
"2208","77501",16,"""77501"""
"2209","77502",1938,"""77502"""
"2210","77503",1454,"""77503"""
"2211","77504",1313,"""77504"""
"2212","77505",913,"""77505"""
"2213","77506",2563,"""77506"""
"2214","77507",31,"""77507"""
"2215","77508",10,"""77508"""
"2216","77509",1,"""77509"""
"2217","77510",77,"""77510"""
"2218","77511",406,"""77511"""
"2219","77512",6,"""77512"""
"2220","77514",53,"""77514"""
"2221","77515",94,"""77515"""
"2222","77517",42,"""77517"""
"2223","77518",129,"""77518"""
"2224","77519",6,"""77519"""
"2225","77520",2317,"""77520"""
"2226","77521",2858,"""77521"""
"2227","77522",9,"""77522"""
"2228","77523",340,"""77523"""
"2229","77524",1,"""77524"""
"2230","77525",4,"""77525"""
"2231","77526",4,"""77526"""
"2232","77528",1,"""77528"""
"2233","77529",3,"""77529"""
"2234","77530",1834,"""77530"""
"2235","77531",54,"""77531"""
"2236","77532",1398,"""77532"""
"2237","77533",10,"""77533"""
"2238","77534",11,"""77534"""
"2239","77535",445,"""77535"""
"2240","77536",1651,"""77536"""
"2241","77537",9,"""77537"""
"2242","77538",13,"""77538"""
"2243","77539",472,"""77539"""
"2244","77540",2,"""77540"""
"2245","77541",62,"""77541"""
"2246","77542",1,"""77542"""
"2247","77543",4,"""77543"""
"2248","77544",1,"""77544"""
"2249","77545",519,"""77545"""
"2250","77546",726,"""77546"""
"2251","77547",452,"""77547"""
"2252","77548",2,"""77548"""
"2253","77549",9,"""77549"""
"2254","77550",160,"""77550"""
"2255","77551",124,"""77551"""
"2256","77552",1,"""77552"""
"2257","77553",2,"""77553"""
"2258","77554",26,"""77554"""
"2259","77555",1,"""77555"""
"2260","77556",1,"""77556"""
"2261","77557",1,"""77557"""
"2262","77559",1,"""77559"""
"2263","77560",16,"""77560"""
"2264","77561",8,"""77561"""
"2265","77562",599,"""77562"""
"2266","77563",85,"""77563"""
"2267","77564",14,"""77564"""
"2268","77565",71,"""77565"""
"2269","77566",79,"""77566"""
"2270","77567",1,"""77567"""
"2271","77568",204,"""77568"""
"2272","77569",1,"""77569"""
"2273","77570",2,"""77570"""
"2274","77571",2265,"""77571"""
"2275","77572",2,"""77572"""
"2276","77573",733,"""77573"""
"2277","77574",2,"""77574"""
"2278","77575",110,"""77575"""
"2279","77576",2,"""77576"""
"2280","77577",11,"""77577"""
"2281","77578",184,"""77578"""
"2282","77579",3,"""77579"""
"2283","77580",2,"""77580"""
"2284","77581",488,"""77581"""
"2285","77582",13,"""77582"""
"2286","77583",393,"""77583"""
"2287","77584",806,"""77584"""
"2288","77585",6,"""77585"""
"2289","77586",717,"""77586"""
"2290","77587",839,"""77587"""
"2291","77588",6,"""77588"""
"2292","77589",7,"""77589"""
"2293","77590",264,"""77590"""
"2294","77591",173,"""77591"""
"2295","77592",1,"""77592"""
"2296","77593",2,"""77593"""
"2297","77594",2,"""77594"""
"2298","77595",1,"""77595"""
"2299","77596",7,"""77596"""
"2300","77597",8,"""77597"""
"2301","77598",1074,"""77598"""
"2302","77599",3,"""77599"""
"2303","77602",3,"""77602"""
"2304","77605",1,"""77605"""
"2305","77606",1,"""77606"""
"2306","77607",1,"""77607"""
"2307","77611",6,"""77611"""
"2308","77612",6,"""77612"""
"2309","77613",4,"""77613"""
"2310","77614",2,"""77614"""
"2311","77615",1,"""77615"""
"2312","77616",1,"""77616"""
"2313","77617",1,"""77617"""
"2314","77618",1,"""77618"""
"2315","77619",17,"""77619"""
"2316","77620",1,"""77620"""
"2317","77621",1,"""77621"""
"2318","77622",1,"""77622"""
"2319","77623",1,"""77623"""
"2320","77625",5,"""77625"""
"2321","77627",43,"""77627"""
"2322","77629",2,"""77629"""
"2323","77630",55,"""77630"""
"2324","77631",2,"""77631"""
"2325","77632",24,"""77632"""
"2326","77635",1,"""77635"""
"2327","77639",1,"""77639"""
"2328","77640",61,"""77640"""
"2329","77641",1,"""77641"""
"2330","77642",120,"""77642"""
"2331","77646",1,"""77646"""
"2332","77648",2,"""77648"""
"2333","77649",7,"""77649"""
"2334","77650",14,"""77650"""
"2335","77651",9,"""77651"""
"2336","77652",1,"""77652"""
"2337","77653",3,"""77653"""
"2338","77654",1,"""77654"""
"2339","77655",3,"""77655"""
"2340","77656",12,"""77656"""
"2341","77657",23,"""77657"""
"2342","77659",10,"""77659"""
"2343","77660",1,"""77660"""
"2344","77662",27,"""77662"""
"2345","77664",2,"""77664"""
"2346","77665",20,"""77665"""
"2347","77667",1,"""77667"""
"2348","77685",1,"""77685"""
"2349","77698",1,"""77698"""
"2350","77699",1,"""77699"""
"2351","77700",2,"""77700"""
"2352","77701",86,"""77701"""
"2353","77702",7,"""77702"""
"2354","77703",88,"""77703"""
"2355","77705",133,"""77705"""
"2356","77706",45,"""77706"""
"2357","77707",44,"""77707"""
"2358","77708",46,"""77708"""
"2359","77709",4,"""77709"""
"2360","77713",37,"""77713"""
"2361","77726",1,"""77726"""
"2362","77737",2,"""77737"""
"2363","77738",1,"""77738"""
"2364","77739",2,"""77739"""
"2365","77745",1,"""77745"""
"2366","77746",1,"""77746"""
"2367","77751",4,"""77751"""
"2368","77770",2,"""77770"""
"2369","77771",1,"""77771"""
"2370","77773",1,"""77773"""
"2371","77777",50,"""77777"""
"2372","77794",1,"""77794"""
"2373","77801",22,"""77801"""
"2374","77802",24,"""77802"""
"2375","77803",69,"""77803"""
"2376","77804",5,"""77804"""
"2377","77805",1,"""77805"""
"2378","77807",17,"""77807"""
"2379","77808",15,"""77808"""
"2380","77809",1,"""77809"""
"2381","77815",1,"""77815"""
"2382","77820",1,"""77820"""
"2383","77821",2,"""77821"""
"2384","77823",1,"""77823"""
"2385","77824",1,"""77824"""
"2386","77830",1,"""77830"""
"2387","77831",17,"""77831"""
"2388","77832",3,"""77832"""
"2389","77833",69,"""77833"""
"2390","77835",2,"""77835"""
"2391","77836",21,"""77836"""
"2392","77837",9,"""77837"""
"2393","77838",1,"""77838"""
"2394","77839",3,"""77839"""
"2395","77840",43,"""77840"""
"2396","77842",1,"""77842"""
"2397","77845",46,"""77845"""
"2398","77846",1,"""77846"""
"2399","77848",2,"""77848"""
"2400","77850",1,"""77850"""
"2401","77851",1,"""77851"""
"2402","77852",1,"""77852"""
"2403","77854",6,"""77854"""
"2404","77856",4,"""77856"""
"2405","77857",2,"""77857"""
"2406","77859",11,"""77859"""
"2407","77861",1,"""77861"""
"2408","77862",1,"""77862"""
"2409","77864",23,"""77864"""
"2410","77865",1,"""77865"""
"2411","77866",1,"""77866"""
"2412","77868",53,"""77868"""
"2413","77871",4,"""77871"""
"2414","77872",1,"""77872"""
"2415","77873",4,"""77873"""
"2416","77874",1,"""77874"""
"2417","77876",4,"""77876"""
"2418","77879",11,"""77879"""
"2419","77880",17,"""77880"""
"2420","77886",2,"""77886"""
"2421","77889",1,"""77889"""
"2422","77893",1,"""77893"""
"2423","77896",2,"""77896"""
"2424","77900",1,"""77900"""
"2425","77901",57,"""77901"""
"2426","77902",3,"""77902"""
"2427","77903",2,"""77903"""
"2428","77904",17,"""77904"""
"2429","77905",6,"""77905"""
"2430","77909",1,"""77909"""
"2431","77914",1,"""77914"""
"2432","77931",1,"""77931"""
"2433","77932",1,"""77932"""
"2434","77935",1,"""77935"""
"2435","77936",13,"""77936"""
"2436","77939",1,"""77939"""
"2437","77943",1,"""77943"""
"2438","77948",1,"""77948"""
"2439","77949",2,"""77949"""
"2440","77950",1,"""77950"""
"2441","77954",11,"""77954"""
"2442","77957",8,"""77957"""
"2443","77962",4,"""77962"""
"2444","77964",5,"""77964"""
"2445","77968",1,"""77968"""
"2446","77971",3,"""77971"""
"2447","77972",1,"""77972"""
"2448","77975",1,"""77975"""
"2449","77977",1,"""77977"""
"2450","77979",13,"""77979"""
"2451","77981",2,"""77981"""
"2452","77983",3,"""77983"""
"2453","77984",1,"""77984"""
"2454","77990",1,"""77990"""
"2455","77993",1,"""77993"""
"2456","77994",2,"""77994"""
"2457","77995",3,"""77995"""
"2458","78002",4,"""78002"""
"2459","78003",8,"""78003"""
"2460","78006",5,"""78006"""
"2461","78011",2,"""78011"""
"2462","78013",1,"""78013"""
"2463","78014",6,"""78014"""
"2464","78015",2,"""78015"""
"2465","78016",1,"""78016"""
"2466","78017",3,"""78017"""
"2467","78022",2,"""78022"""
"2468","78023",2,"""78023"""
"2469","78025",2,"""78025"""
"2470","78026",1,"""78026"""
"2471","78027",1,"""78027"""
"2472","78028",18,"""78028"""
"2473","78040",9,"""78040"""
"2474","78041",4,"""78041"""
"2475","78043",9,"""78043"""
"2476","78045",13,"""78045"""
"2477","78046",12,"""78046"""
"2478","78052",1,"""78052"""
"2479","78063",3,"""78063"""
"2480","78064",1,"""78064"""
"2481","78065",10,"""78065"""
"2482","78069",1,"""78069"""
"2483","78070",4,"""78070"""
"2484","78071",3,"""78071"""
"2485","78073",3,"""78073"""
"2486","78076",2,"""78076"""
"2487","78079",1,"""78079"""
"2488","78101",2,"""78101"""
"2489","78102",35,"""78102"""
"2490","78108",12,"""78108"""
"2491","78109",6,"""78109"""
"2492","78112",1,"""78112"""
"2493","78114",7,"""78114"""
"2494","78118",3,"""78118"""
"2495","78119",11,"""78119"""
"2496","78121",3,"""78121"""
"2497","78122",2,"""78122"""
"2498","78123",4,"""78123"""
"2499","78130",31,"""78130"""
"2500","78132",9,"""78132"""
"2501","78133",11,"""78133"""
"2502","78140",1,"""78140"""
"2503","78142",2,"""78142"""
"2504","78148",10,"""78148"""
"2505","78152",1,"""78152"""
"2506","78154",11,"""78154"""
"2507","78155",15,"""78155"""
"2508","78160",4,"""78160"""
"2509","78161",1,"""78161"""
"2510","78163",1,"""78163"""
"2511","78164",3,"""78164"""
"2512","78182",1,"""78182"""
"2513","78201",10,"""78201"""
"2514","78202",13,"""78202"""
"2515","78203",3,"""78203"""
"2516","78204",5,"""78204"""
"2517","78205",3,"""78205"""
"2518","78206",1,"""78206"""
"2519","78207",17,"""78207"""
"2520","78208",2,"""78208"""
"2521","78209",10,"""78209"""
"2522","78210",10,"""78210"""
"2523","78211",14,"""78211"""
"2524","78212",3,"""78212"""
"2525","78213",7,"""78213"""
"2526","78214",3,"""78214"""
"2527","78215",1,"""78215"""
"2528","78216",11,"""78216"""
"2529","78217",8,"""78217"""
"2530","78218",13,"""78218"""
"2531","78219",5,"""78219"""
"2532","78220",19,"""78220"""
"2533","78221",10,"""78221"""
"2534","78222",16,"""78222"""
"2535","78223",22,"""78223"""
"2536","78224",6,"""78224"""
"2537","78225",7,"""78225"""
"2538","78226",2,"""78226"""
"2539","78227",3,"""78227"""
"2540","78228",14,"""78228"""
"2541","78229",22,"""78229"""
"2542","78230",11,"""78230"""
"2543","78231",3,"""78231"""
"2544","78232",5,"""78232"""
"2545","78233",13,"""78233"""
"2546","78235",1,"""78235"""
"2547","78237",10,"""78237"""
"2548","78238",7,"""78238"""
"2549","78239",6,"""78239"""
"2550","78240",15,"""78240"""
"2551","78242",5,"""78242"""
"2552","78244",12,"""78244"""
"2553","78245",20,"""78245"""
"2554","78247",13,"""78247"""
"2555","78249",11,"""78249"""
"2556","78250",10,"""78250"""
"2557","78251",12,"""78251"""
"2558","78252",21,"""78252"""
"2559","78253",7,"""78253"""
"2560","78254",5,"""78254"""
"2561","78255",2,"""78255"""
"2562","78256",5,"""78256"""
"2563","78257",2,"""78257"""
"2564","78258",3,"""78258"""
"2565","78259",3,"""78259"""
"2566","78260",3,"""78260"""
"2567","78261",2,"""78261"""
"2568","78264",2,"""78264"""
"2569","78266",4,"""78266"""
"2570","78269",1,"""78269"""
"2571","78283",3,"""78283"""
"2572","78289",1,"""78289"""
"2573","78315",1,"""78315"""
"2574","78318",1,"""78318"""
"2575","78321",1,"""78321"""
"2576","78329",1,"""78329"""
"2577","78332",5,"""78332"""
"2578","78336",5,"""78336"""
"2579","78343",1,"""78343"""
"2580","78348",2,"""78348"""
"2581","78355",1,"""78355"""
"2582","78358",2,"""78358"""
"2583","78359",3,"""78359"""
"2584","78361",2,"""78361"""
"2585","78362",5,"""78362"""
"2586","78363",12,"""78363"""
"2587","78368",8,"""78368"""
"2588","78370",3,"""78370"""
"2589","78372",4,"""78372"""
"2590","78374",5,"""78374"""
"2591","78375",2,"""78375"""
"2592","78377",14,"""78377"""
"2593","78380",11,"""78380"""
"2594","78382",14,"""78382"""
"2595","78384",5,"""78384"""
"2596","78387",1,"""78387"""
"2597","78390",4,"""78390"""
"2598","78401",11,"""78401"""
"2599","78404",6,"""78404"""
"2600","78405",14,"""78405"""
"2601","78407",2,"""78407"""
"2602","78408",7,"""78408"""
"2603","78409",1,"""78409"""
"2604","78410",5,"""78410"""
"2605","78411",8,"""78411"""
"2606","78412",16,"""78412"""
"2607","78413",13,"""78413"""
"2608","78414",16,"""78414"""
"2609","78415",17,"""78415"""
"2610","78416",5,"""78416"""
"2611","78418",5,"""78418"""
"2612","78482",1,"""78482"""
"2613","78495",1,"""78495"""
"2614","78501",24,"""78501"""
"2615","78503",11,"""78503"""
"2616","78504",21,"""78504"""
"2617","78511",2,"""78511"""
"2618","78516",15,"""78516"""
"2619","78518",1,"""78518"""
"2620","78520",39,"""78520"""
"2621","78521",44,"""78521"""
"2622","78526",20,"""78526"""
"2623","78530",1,"""78530"""
"2624","78537",10,"""78537"""
"2625","78538",4,"""78538"""
"2626","78539",9,"""78539"""
"2627","78540",2,"""78540"""
"2628","78541",22,"""78541"""
"2629","78542",34,"""78542"""
"2630","78543",3,"""78543"""
"2631","78550",40,"""78550"""
"2632","78552",9,"""78552"""
"2633","78553",1,"""78553"""
"2634","78557",10,"""78557"""
"2635","78560",4,"""78560"""
"2636","78561",1,"""78561"""
"2637","78566",10,"""78566"""
"2638","78568",1,"""78568"""
"2639","78570",9,"""78570"""
"2640","78572",34,"""78572"""
"2641","78573",12,"""78573"""
"2642","78574",26,"""78574"""
"2643","78575",3,"""78575"""
"2644","78576",6,"""78576"""
"2645","78577",29,"""78577"""
"2646","78578",3,"""78578"""
"2647","78579",3,"""78579"""
"2648","78580",11,"""78580"""
"2649","78582",26,"""78582"""
"2650","78584",19,"""78584"""
"2651","78586",30,"""78586"""
"2652","78589",17,"""78589"""
"2653","78593",1,"""78593"""
"2654","78595",1,"""78595"""
"2655","78596",18,"""78596"""
"2656","78599",4,"""78599"""
"2657","78601",1,"""78601"""
"2658","78602",18,"""78602"""
"2659","78610",7,"""78610"""
"2660","78611",2,"""78611"""
"2661","78612",4,"""78612"""
"2662","78613",10,"""78613"""
"2663","78614",1,"""78614"""
"2664","78616",4,"""78616"""
"2665","78617",14,"""78617"""
"2666","78619",1,"""78619"""
"2667","78620",1,"""78620"""
"2668","78621",5,"""78621"""
"2669","78624",3,"""78624"""
"2670","78625",1,"""78625"""
"2671","78626",18,"""78626"""
"2672","78628",3,"""78628"""
"2673","78629",8,"""78629"""
"2674","78632",2,"""78632"""
"2675","78633",1,"""78633"""
"2676","78634",10,"""78634"""
"2677","78639",8,"""78639"""
"2678","78640",23,"""78640"""
"2679","78641",12,"""78641"""
"2680","78642",1,"""78642"""
"2681","78643",3,"""78643"""
"2682","78644",4,"""78644"""
"2683","78645",1,"""78645"""
"2684","78648",3,"""78648"""
"2685","78650",1,"""78650"""
"2686","78653",6,"""78653"""
"2687","78654",1,"""78654"""
"2688","78657",2,"""78657"""
"2689","78659",1,"""78659"""
"2690","78660",22,"""78660"""
"2691","78663",1,"""78663"""
"2692","78664",19,"""78664"""
"2693","78665",13,"""78665"""
"2694","78666",56,"""78666"""
"2695","78670",1,"""78670"""
"2696","78671",3,"""78671"""
"2697","78676",3,"""78676"""
"2698","78681",12,"""78681"""
"2699","78700",2,"""78700"""
"2700","78701",15,"""78701"""
"2701","78702",10,"""78702"""
"2702","78703",3,"""78703"""
"2703","78704",20,"""78704"""
"2704","78705",2,"""78705"""
"2705","78706",1,"""78706"""
"2706","78711",4,"""78711"""
"2707","78716",1,"""78716"""
"2708","78717",11,"""78717"""
"2709","78719",1,"""78719"""
"2710","78721",18,"""78721"""
"2711","78722",4,"""78722"""
"2712","78723",16,"""78723"""
"2713","78724",24,"""78724"""
"2714","78725",4,"""78725"""
"2715","78726",8,"""78726"""
"2716","78727",20,"""78727"""
"2717","78728",36,"""78728"""
"2718","78729",7,"""78729"""
"2719","78730",2,"""78730"""
"2720","78731",7,"""78731"""
"2721","78732",1,"""78732"""
"2722","78733",6,"""78733"""
"2723","78734",7,"""78734"""
"2724","78735",2,"""78735"""
"2725","78736",2,"""78736"""
"2726","78738",4,"""78738"""
"2727","78739",1,"""78739"""
"2728","78741",32,"""78741"""
"2729","78743",2,"""78743"""
"2730","78744",8,"""78744"""
"2731","78745",26,"""78745"""
"2732","78746",5,"""78746"""
"2733","78747",5,"""78747"""
"2734","78748",16,"""78748"""
"2735","78749",3,"""78749"""
"2736","78750",3,"""78750"""
"2737","78751",8,"""78751"""
"2738","78752",11,"""78752"""
"2739","78753",39,"""78753"""
"2740","78754",13,"""78754"""
"2741","78757",9,"""78757"""
"2742","78758",22,"""78758"""
"2743","78759",9,"""78759"""
"2744","78761",1,"""78761"""
"2745","78777",1,"""78777"""
"2746","78781",5,"""78781"""
"2747","78801",3,"""78801"""
"2748","78803",1,"""78803"""
"2749","78830",1,"""78830"""
"2750","78834",1,"""78834"""
"2751","78839",1,"""78839"""
"2752","78840",9,"""78840"""
"2753","78852",5,"""78852"""
"2754","78853",1,"""78853"""
"2755","78861",34,"""78861"""
"2756","78870",1,"""78870"""
"2757","78880",1,"""78880"""
"2758","78931",1,"""78931"""
"2759","78932",1,"""78932"""
"2760","78933",7,"""78933"""
"2761","78934",15,"""78934"""
"2762","78935",4,"""78935"""
"2763","78938",1,"""78938"""
"2764","78941",3,"""78941"""
"2765","78942",7,"""78942"""
"2766","78944",1,"""78944"""
"2767","78945",9,"""78945"""
"2768","78946",2,"""78946"""
"2769","78947",3,"""78947"""
"2770","78948",2,"""78948"""
"2771","78949",1,"""78949"""
"2772","78950",2,"""78950"""
"2773","78956",2,"""78956"""
"2774","78957",7,"""78957"""
"2775","78959",2,"""78959"""
"2776","78962",10,"""78962"""
"2777","79013",1,"""79013"""
"2778","79015",1,"""79015"""
"2779","79022",7,"""79022"""
"2780","79029",5,"""79029"""
"2781","79036",1,"""79036"""
"2782","79041",1,"""79041"""
"2783","79048",2,"""79048"""
"2784","79065",2,"""79065"""
"2785","79068",1,"""79068"""
"2786","79072",5,"""79072"""
"2787","79081",1,"""79081"""
"2788","79084",1,"""79084"""
"2789","79095",1,"""79095"""
"2790","79101",1,"""79101"""
"2791","79102",1,"""79102"""
"2792","79104",1,"""79104"""
"2793","79106",6,"""79106"""
"2794","79107",17,"""79107"""
"2795","79109",4,"""79109"""
"2796","79110",1,"""79110"""
"2797","79118",4,"""79118"""
"2798","79119",3,"""79119"""
"2799","79124",3,"""79124"""
"2800","79126",1,"""79126"""
"2801","79201",10,"""79201"""
"2802","79241",1,"""79241"""
"2803","79245",1,"""79245"""
"2804","79331",3,"""79331"""
"2805","79336",1,"""79336"""
"2806","79356",4,"""79356"""
"2807","79360",13,"""79360"""
"2808","79370",1,"""79370"""
"2809","79401",2,"""79401"""
"2810","79403",5,"""79403"""
"2811","79404",1,"""79404"""
"2812","79407",3,"""79407"""
"2813","79410",2,"""79410"""
"2814","79413",1,"""79413"""
"2815","79414",1,"""79414"""
"2816","79416",11,"""79416"""
"2817","79423",6,"""79423"""
"2818","79424",2,"""79424"""
"2819","79501",1,"""79501"""
"2820","79510",2,"""79510"""
"2821","79512",5,"""79512"""
"2822","79533",1,"""79533"""
"2823","79549",5,"""79549"""
"2824","79553",10,"""79553"""
"2825","79556",6,"""79556"""
"2826","79575",1,"""79575"""
"2827","79591",2,"""79591"""
"2828","79601",6,"""79601"""
"2829","79602",1,"""79602"""
"2830","79603",6,"""79603"""
"2831","79605",12,"""79605"""
"2832","79606",2,"""79606"""
"2833","79676",1,"""79676"""
"2834","79701",16,"""79701"""
"2835","79703",3,"""79703"""
"2836","79704",1,"""79704"""
"2837","79705",8,"""79705"""
"2838","79706",3,"""79706"""
"2839","79707",4,"""79707"""
"2840","79708",1,"""79708"""
"2841","79719",2,"""79719"""
"2842","79720",7,"""79720"""
"2843","79731",1,"""79731"""
"2844","79734",1,"""79734"""
"2845","79735",1,"""79735"""
"2846","79745",1,"""79745"""
"2847","79756",4,"""79756"""
"2848","79761",4,"""79761"""
"2849","79762",5,"""79762"""
"2850","79763",5,"""79763"""
"2851","79764",5,"""79764"""
"2852","79765",1,"""79765"""
"2853","79766",6,"""79766"""
"2854","79789",1,"""79789"""
"2855","79830",1,"""79830"""
"2856","79901",2,"""79901"""
"2857","79903",3,"""79903"""
"2858","79904",2,"""79904"""
"2859","79906",1,"""79906"""
"2860","79907",1,"""79907"""
"2861","79912",3,"""79912"""
"2862","79915",2,"""79915"""
"2863","79922",1,"""79922"""
"2864","79924",4,"""79924"""
"2865","79925",3,"""79925"""
"2866","79927",1,"""79927"""
"2867","79928",2,"""79928"""
"2868","79932",1,"""79932"""
"2869","79934",4,"""79934"""
"2870","79935",2,"""79935"""
"2871","79936",6,"""79936"""
"2872","79938",2,"""79938"""
"2873","80012",1,"""80012"""
"2874","80013",5,"""80013"""
"2875","80014",1,"""80014"""
"2876","80016",2,"""80016"""
"2877","80017",2,"""80017"""
"2878","80020",1,"""80020"""
"2879","80027",1,"""80027"""
"2880","80031",2,"""80031"""
"2881","80104",2,"""80104"""
"2882","80112",4,"""80112"""
"2883","80130",1,"""80130"""
"2884","80209",3,"""80209"""
"2885","80211",1,"""80211"""
"2886","80215",1,"""80215"""
"2887","80222",1,"""80222"""
"2888","80226",1,"""80226"""
"2889","80232",1,"""80232"""
"2890","80234",1,"""80234"""
"2891","80239",2,"""80239"""
"2892","80304",1,"""80304"""
"2893","80602",2,"""80602"""
"2894","80620",1,"""80620"""
"2895","80634",2,"""80634"""
"2896","80640",2,"""80640"""
"2897","80817",1,"""80817"""
"2898","80903",2,"""80903"""
"2899","80906",1,"""80906"""
"2900","80910",1,"""80910"""
"2901","80911",1,"""80911"""
"2902","80917",2,"""80917"""
"2903","80918",1,"""80918"""
"2904","80922",2,"""80922"""
"2905","81001",1,"""81001"""
"2906","81004",1,"""81004"""
"2907","81212",1,"""81212"""
"2908","81969",1,"""81969"""
"2909","82301",1,"""82301"""
"2910","82601",1,"""82601"""
"2911","82636",1,"""82636"""
"2912","82901",1,"""82901"""
"2913","82935",1,"""82935"""
"2914","83350",1,"""83350"""
"2915","83501",1,"""83501"""
"2916","83854",1,"""83854"""
"2917","84037",1,"""84037"""
"2918","84041",1,"""84041"""
"2919","84045",1,"""84045"""
"2920","84050",1,"""84050"""
"2921","84062",1,"""84062"""
"2922","84070",1,"""84070"""
"2923","84088",1,"""84088"""
"2924","84107",3,"""84107"""
"2925","84115",1,"""84115"""
"2926","84116",1,"""84116"""
"2927","84341",1,"""84341"""
"2928","85001",1,"""85001"""
"2929","85006",1,"""85006"""
"2930","85009",1,"""85009"""
"2931","85015",1,"""85015"""
"2932","85018",2,"""85018"""
"2933","85022",1,"""85022"""
"2934","85032",1,"""85032"""
"2935","85035",1,"""85035"""
"2936","85040",1,"""85040"""
"2937","85041",2,"""85041"""
"2938","85042",1,"""85042"""
"2939","85043",1,"""85043"""
"2940","85086",2,"""85086"""
"2941","85143",2,"""85143"""
"2942","85205",1,"""85205"""
"2943","85212",1,"""85212"""
"2944","85224",1,"""85224"""
"2945","85251",1,"""85251"""
"2946","85257",1,"""85257"""
"2947","85258",1,"""85258"""
"2948","85301",1,"""85301"""
"2949","85307",1,"""85307"""
"2950","85323",1,"""85323"""
"2951","85338",1,"""85338"""
"2952","85339",1,"""85339"""
"2953","85345",1,"""85345"""
"2954","85365",1,"""85365"""
"2955","85392",3,"""85392"""
"2956","85635",1,"""85635"""
"2957","85653",1,"""85653"""
"2958","85712",3,"""85712"""
"2959","86017",1,"""86017"""
"2960","86409",1,"""86409"""
"2961","86505",1,"""86505"""
"2962","86507",1,"""86507"""
"2963","86510",1,"""86510"""
"2964","86512",1,"""86512"""
"2965","86538",1,"""86538"""
"2966","87108",3,"""87108"""
"2967","87110",3,"""87110"""
"2968","87111",1,"""87111"""
"2969","87113",1,"""87113"""
"2970","87121",1,"""87121"""
"2971","87124",2,"""87124"""
"2972","87215",1,"""87215"""
"2973","87300",1,"""87300"""
"2974","87505",1,"""87505"""
"2975","87521",1,"""87521"""
"2976","87654",1,"""87654"""
"2977","87901",1,"""87901"""
"2978","88007",1,"""88007"""
"2979","88008",1,"""88008"""
"2980","88012",1,"""88012"""
"2981","88047",1,"""88047"""
"2982","88073",1,"""88073"""
"2983","88081",1,"""88081"""
"2984","88101",2,"""88101"""
"2985","88203",1,"""88203"""
"2986","88220",3,"""88220"""
"2987","88240",4,"""88240"""
"2988","88310",2,"""88310"""
"2989","88312",1,"""88312"""
"2990","88971",2,"""88971"""
"2991","89030",4,"""89030"""
"2992","89031",1,"""89031"""
"2993","89032",2,"""89032"""
"2994","89043",1,"""89043"""
"2995","89081",1,"""89081"""
"2996","89101",1,"""89101"""
"2997","89102",1,"""89102"""
"2998","89108",3,"""89108"""
"2999","89113",1,"""89113"""
"3000","89115",1,"""89115"""
"3001","89118",1,"""89118"""
"3002","89120",1,"""89120"""
"3003","89122",1,"""89122"""
"3004","89128",6,"""89128"""
"3005","89130",1,"""89130"""
"3006","89131",3,"""89131"""
"3007","89139",3,"""89139"""
"3008","89146",4,"""89146"""
"3009","89147",1,"""89147"""
"3010","89156",1,"""89156"""
"3011","89166",1,"""89166"""
"3012","89169",3,"""89169"""
"3013","89183",1,"""89183"""
"3014","89318",1,"""89318"""
"3015","89441",1,"""89441"""
"3016","89550",1,"""89550"""
"3017","89592",1,"""89592"""
"3018","90002",2,"""90002"""
"3019","90003",3,"""90003"""
"3020","90004",2,"""90004"""
"3021","90006",2,"""90006"""
"3022","90008",3,"""90008"""
"3023","90011",1,"""90011"""
"3024","90012",3,"""90012"""
"3025","90013",2,"""90013"""
"3026","90014",1,"""90014"""
"3027","90015",2,"""90015"""
"3028","90016",1,"""90016"""
"3029","90017",1,"""90017"""
"3030","90018",1,"""90018"""
"3031","90022",1,"""90022"""
"3032","90025",3,"""90025"""
"3033","90026",2,"""90026"""
"3034","90028",1,"""90028"""
"3035","90029",1,"""90029"""
"3036","90031",2,"""90031"""
"3037","90033",1,"""90033"""
"3038","90035",1,"""90035"""
"3039","90037",2,"""90037"""
"3040","90044",4,"""90044"""
"3041","90045",2,"""90045"""
"3042","90046",2,"""90046"""
"3043","90047",1,"""90047"""
"3044","90048",1,"""90048"""
"3045","90057",1,"""90057"""
"3046","90059",1,"""90059"""
"3047","90064",1,"""90064"""
"3048","90065",2,"""90065"""
"3049","90066",1,"""90066"""
"3050","90067",2,"""90067"""
"3051","90212",1,"""90212"""
"3052","90221",7,"""90221"""
"3053","90222",1,"""90222"""
"3054","90250",1,"""90250"""
"3055","90262",3,"""90262"""
"3056","90266",1,"""90266"""
"3057","90302",1,"""90302"""
"3058","90303",2,"""90303"""
"3059","90304",1,"""90304"""
"3060","90404",1,"""90404"""
"3061","90602",1,"""90602"""
"3062","90604",2,"""90604"""
"3063","90621",1,"""90621"""
"3064","90717",1,"""90717"""
"3065","90744",1,"""90744"""
"3066","90804",3,"""90804"""
"3067","90805",2,"""90805"""
"3068","90806",2,"""90806"""
"3069","90807",1,"""90807"""
"3070","90813",1,"""90813"""
"3071","91001",3,"""91001"""
"3072","91006",1,"""91006"""
"3073","91103",1,"""91103"""
"3074","91304",1,"""91304"""
"3075","91343",1,"""91343"""
"3076","91344",1,"""91344"""
"3077","91351",3,"""91351"""
"3078","91356",1,"""91356"""
"3079","91390",1,"""91390"""
"3080","91401",1,"""91401"""
"3081","91423",1,"""91423"""
"3082","91506",2,"""91506"""
"3083","91601",1,"""91601"""
"3084","91604",1,"""91604"""
"3085","91605",2,"""91605"""
"3086","91702",1,"""91702"""
"3087","91706",2,"""91706"""
"3088","91732",2,"""91732"""
"3089","91733",1,"""91733"""
"3090","91739",1,"""91739"""
"3091","91744",1,"""91744"""
"3092","91760",1,"""91760"""
"3093","91763",2,"""91763"""
"3094","91764",1,"""91764"""
"3095","91767",1,"""91767"""
"3096","91770",2,"""91770"""
"3097","91776",1,"""91776"""
"3098","91789",1,"""91789"""
"3099","91911",1,"""91911"""
"3100","91916",1,"""91916"""
"3101","91935",1,"""91935"""
"3102","91977",1,"""91977"""
"3103","92024",4,"""92024"""
"3104","92058",1,"""92058"""
"3105","92110",1,"""92110"""
"3106","92113",1,"""92113"""
"3107","92114",3,"""92114"""
"3108","92115",2,"""92115"""
"3109","92120",1,"""92120"""
"3110","92154",1,"""92154"""
"3111","92174",1,"""92174"""
"3112","92236",1,"""92236"""
"3113","92307",1,"""92307"""
"3114","92324",1,"""92324"""
"3115","92345",2,"""92345"""
"3116","92346",1,"""92346"""
"3117","92374",2,"""92374"""
"3118","92376",2,"""92376"""
"3119","92392",1,"""92392"""
"3120","92394",2,"""92394"""
"3121","92395",2,"""92395"""
"3122","92404",1,"""92404"""
"3123","92405",1,"""92405"""
"3124","92410",1,"""92410"""
"3125","92532",1,"""92532"""
"3126","92553",3,"""92553"""
"3127","92626",1,"""92626"""
"3128","92630",1,"""92630"""
"3129","92647",1,"""92647"""
"3130","92648",2,"""92648"""
"3131","92656",1,"""92656"""
"3132","92683",1,"""92683"""
"3133","92780",3,"""92780"""
"3134","92805",1,"""92805"""
"3135","92806",1,"""92806"""
"3136","92842",1,"""92842"""
"3137","92868",1,"""92868"""
"3138","92882",1,"""92882"""
"3139","93010",1,"""93010"""
"3140","93065",1,"""93065"""
"3141","93103",1,"""93103"""
"3142","93230",1,"""93230"""
"3143","93245",1,"""93245"""
"3144","93304",3,"""93304"""
"3145","93305",2,"""93305"""
"3146","93307",1,"""93307"""
"3147","93309",2,"""93309"""
"3148","93311",1,"""93311"""
"3149","93312",1,"""93312"""
"3150","93426",1,"""93426"""
"3151","93535",1,"""93535"""
"3152","93705",1,"""93705"""
"3153","93722",2,"""93722"""
"3154","93725",1,"""93725"""
"3155","93726",1,"""93726"""
"3156","93905",2,"""93905"""
"3157","93906",2,"""93906"""
"3158","93955",1,"""93955"""
"3159","94062",1,"""94062"""
"3160","94102",3,"""94102"""
"3161","94116",1,"""94116"""
"3162","94123",2,"""94123"""
"3163","94401",1,"""94401"""
"3164","94501",2,"""94501"""
"3165","94509",1,"""94509"""
"3166","94520",1,"""94520"""
"3167","94531",2,"""94531"""
"3168","94536",1,"""94536"""
"3169","94553",1,"""94553"""
"3170","94565",4,"""94565"""
"3171","94578",2,"""94578"""
"3172","94580",1,"""94580"""
"3173","94587",2,"""94587"""
"3174","94602",1,"""94602"""
"3175","94603",1,"""94603"""
"3176","94605",1,"""94605"""
"3177","94606",2,"""94606"""
"3178","94607",2,"""94607"""
"3179","94612",1,"""94612"""
"3180","94621",2,"""94621"""
"3181","94801",1,"""94801"""
"3182","94804",1,"""94804"""
"3183","94806",2,"""94806"""
"3184","94941",1,"""94941"""
"3185","95035",1,"""95035"""
"3186","95054",1,"""95054"""
"3187","95111",1,"""95111"""
"3188","95123",1,"""95123"""
"3189","95133",1,"""95133"""
"3190","95203",3,"""95203"""
"3191","95206",2,"""95206"""
"3192","95207",2,"""95207"""
"3193","95301",1,"""95301"""
"3194","95326",1,"""95326"""
"3195","95350",9,"""95350"""
"3196","95355",1,"""95355"""
"3197","95377",2,"""95377"""
"3198","95407",2,"""95407"""
"3199","95660",2,"""95660"""
"3200","95670",1,"""95670"""
"3201","95687",3,"""95687"""
"3202","95691",1,"""95691"""
"3203","95814",1,"""95814"""
"3204","95815",1,"""95815"""
"3205","95820",1,"""95820"""
"3206","95821",2,"""95821"""
"3207","95823",1,"""95823"""
"3208","95828",1,"""95828"""
"3209","95832",1,"""95832"""
"3210","95833",2,"""95833"""
"3211","95834",1,"""95834"""
"3212","95842",1,"""95842"""
"3213","95928",1,"""95928"""
"3214","95959",1,"""95959"""
"3215","96707",1,"""96707"""
"3216","96712",1,"""96712"""
"3217","96771",2,"""96771"""
"3218","96813",1,"""96813"""
"3219","96816",1,"""96816"""
"3220","97005",1,"""97005"""
"3221","97203",1,"""97203"""
"3222","97206",1,"""97206"""
"3223","97218",1,"""97218"""
"3224","97220",1,"""97220"""
"3225","97504",1,"""97504"""
"3226","98002",1,"""98002"""
"3227","98032",1,"""98032"""
"3228","98036",1,"""98036"""
"3229","98047",1,"""98047"""
"3230","98075",1,"""98075"""
"3231","98092",1,"""98092"""
"3232","98100",2,"""98100"""
"3233","98116",3,"""98116"""
"3234","98118",1,"""98118"""
"3235","98133",1,"""98133"""
"3236","98188",1,"""98188"""
"3237","98203",1,"""98203"""
"3238","98248",2,"""98248"""
"3239","98252",1,"""98252"""
"3240","98444",1,"""98444"""
"3241","98498",1,"""98498"""
"3242","98542",1,"""98542"""
"3243","98607",2,"""98607"""
"3244","98801",1,"""98801"""
"3245","98802",1,"""98802"""
"3246","99224",1,"""99224"""
"3247","99301",2,"""99301"""
"3248","99503",1,"""99503"""
"3249","99507",1,"""99507"""
"3250","99515",1,"""99515"""
"3251","99516",1,"""99516"""
"3252","99611",2,"""99611"""
"3253","99669",1,"""99669"""
"3254","99701",1,"""99701"""
